0xc9b8a444249071f8b616f1ee01dc5c00118fb44f	80000
0xf1a53d042c74d2c4082cc451453ee589079f9a63	80000
0x7649a1b31dab4d0676817b3fa7c2c412101d4d0a	80000
0x145ed5418ab1f568fdd42c0b367645ea76f4b9b4	80000
0xb00e81207bcda63c9e290e0b748252418818c869	80000
0xf6e4c3edbaf1a4ec2457199acad4bc6c722f0e34	80000
0x6f2e21b6e20f3ce7a1a8ec132fd69cb6fc603c3c	80000
0xe0ccdbd21fce0ec9eb4c23e4cbb3ac678caf0dd7	80000
0x97889f27fb45644c6b60c8225fb27ce3cc50d0ae	80000
0xcdc903632b212b00a0e7a679fbf41ae4bfac4b61	80000
0xeed13a44a6fb7c502fdc0542492fdaee0812d468	80000
0xaf8e3893d7a6737ff285a543435eb5c253a67c6b	80000
0x9336d4bb18584461aa0de296d12d1e2b6ff499dd	80000
0x519e11228f3f2c0813fca612102801a9990e10c6	80000
0xcd594cb024bd50e7d8e5135a14a1231c60ebff67	80000
0x86d6cea2ee59ad3f960315128df3481646e4b895	80000
0x31ba981c4f2146e6bb0e3ee0d20b1955d3eee686	80000
0x08ab3aa4d9eb7eb548eb2f8718d5ab14eb313766	80000
0x235c8a2cfd70145ba3be1c91b277c8ea7a583356	80000
0x9828c7a09c79bad224b151973431794723f457c5	80000
0x6ff4f284544df7f227ec40639df521cc9b9ddad3	80000
0x1d6db23bd86b78faf91631cd198438aa57d8d529	80000
0x4cd0ed63e6074ff4f8fd4ce18bff87f70195127f	80000
0x106619297b058586231506197de5d3c9ddaf38fd	80000
0xba0c7d2c4595b926a29e42effffb3908994dc5bd	80000
0xd5acaf48f67154d2613bdf6659f5d6e3f4cd51b7	80000
0x36ff5ff9a0311f7c15bba1f377f66c48683ffe10	80000
0x734982688f6b5a883553c539ba1c8c620c0b620f	80000
0xa0647cff5983c28f8b7ec019997eead617b9a8f5	80000
0x3cd48a0cb9c82608e743086b1ffda59741beef3f	80000
0x92fc173569efa83cd810c018f497b59854d110db	80000
0x012ab5affb6db7ea90e89fa7d59445673840e5dc	80000
0x4b5a195cd9541aec8c4e1340acbbe39dbaa0a7b7	80000
0x0ee1aa4dc0d578716fe85461ae5fe6c65593cc18	80000
0xc3d13e7711c1e227ba5f9a23ee5c24ba5dc62a81	80000
0x747f475a83a68d32ba92c6337460f95cd5a74d60	80000
0xe184a4ff82e7b4388c4c5651c5cf79c8c51c7a58	80000
0xea94dace59ede50c55d53cc90c26d8ec4ff0b685	80000
0x50d349adc6c22927670a7ec1cbdd012054c78898	80000
0x02057578b107000917699cdb86306c3beec5d7be	80000
0x4e33c7c1f0501f3ff36a45171bbb94b4897d8e0c	80000
0xcb61e0dc3cf2af2e73e9c3302933d689e5cf30d7	80000
0xfc9a551038fedcf713238de681c99224abf19cb5	80000
0x1c51593463891b4f7d112a2a1ddfcd1ea75a3b7d	80000
0x132960c34ad5fcc14ea153f751fef363c761da99	80000
0x83be53d130bddd21c5c333a018978bdbf1456331	80000
0x24d36994af1d51c1b1ae0860acb049b1de8242d2	80000
0xeb93dbf4c0e93f02b7854586d78cad7a063a7896	80000
0x4bd49374bcbe3704c7b482173049b1002eed3b2e	80000
0x2138fe41fbd3ddf320c5976157b3208cb791b51f	80000
0x08195e6e407a1fd5d090a02024ab0ae56fd4b26e	80000
0x794887629dcc4e51e9aabfe630f03f0b72b52c69	80000
0x3a89cd7d1cf3eb657f70954f0011548675c7132e	80000
0xf428b3db18fafd29c4f56a4b841f473c1104ef4a	80000
0xd307a5bcc382699dc60f4179d7fdd0e166b74a9a	80000
0x40510ad5d5b30a8d164e1e5c850e223539e4725a	80000
0xe07dd61b77e7b1056e5215ba1a6b003428f384c0	80000
0x6dea7a67c20617f675984e7b99a5c78cc2516526	80000
0xbdd657e1d8dd38776dac64fbfe784cdfd5d330cd	80000
0x216b987c81bb0b9a79379038f2a38b107b9ad20f	80000
0x6cf37f50f06880022031b67cf0d3d59a526180c3	80000
0x2377d9f1a4d88369d0360d3c3921747081ae25c7	80000
0x77f80c58fb34f21ef3df917525289f3653ae65ea	80000
0x57a1e32e2154ecc1c0c3d43b8bc8cc053d910a17	80000
0x4ccdc6a3329d8114081616088c6beb9e0b0026e3	80000
0xb0b34e49b381924974e338637273cd8481c6804f	80000
0xc3771996462bbe6618a738b62b0d48f61abc5a56	80000
0xa7230946a4421a68efc625b9e420d916c3924722	80000
0xa7dfb2c03fb467bf57f8ad6bb5addd403c4a7ca8	80000
0xb2d6da4797fc860c28c139f3c3786f6c73d1ecbc	80000
0x793e7a7919226029205ceff51c592ea730fc7cab	80000
0x66322458e524ba71a1503fcaec329c2456b55fa7	80000
0x4141505d80d2eabc050dc9ebf604e408831b9b9a	80000
0xcc75e2954d17214e03f48fc685f57b266c75b199	80000
0x860d2846d0d491ee5431cd77b9a8aa6a7ae2cadb	80000
0x39d0315eadc90f0368ad2f9c1ed5c0c1770cfe66	80000
0x005d55487f426f67e35fc61e6661dabe8b988611	80000
0x0c457454589f800f13d47b433af7821564e99121	80000
0x52fdab5f93389a781bb0e1c4082ba561f05b44c5	80000
0x53802c40569ae506b4531081fa41444eaa60f9c1	80000
0x4e0e167e6ea55997df35794fc8266b2f92dae586	80000
0xe6e3191bbdd2446dca07e8b8601f19204912f4a7	80000
0x075873d2f1342828d86e47c71b261e6a33044ebe	80000
0xa0480920ae916ff51fb57f29751fe830ea02b5b7	80000
0xdf11d765b374aacd8c1a15f9501aa244a7f930bd	80000
0x155e45e90841eab750d5deb3b530665e3d22526c	80000
0xd17ea09521230a8d120ffd39fa9064621597c13f	80000
0xd33416f2b88888425736fd7353dcbde521e375ee	80000
0x3ae5edbdd1342ce6acaa48342792315d52e7b067	80000
0x5656cb4721c21e1f5dcbe03db9026ac0203d6e4f	80000
0x566b7aa5c23824e5a0c4a2ac65339e72c4bd4115	80000
0x6c022e721f0a619f760ae654dabb872c1f01e3bd	80000
0x1dd0b5e127e31516f1e32f66a040efb19f3c6c41	80000
0x52e1ee958b9dccb79c1214932a983bb747933183	80000
0x9fc5f6b1fd7fe91239a81f3b9828f488e91cd04a	80000
0x32541b30ff817fb322ae2f74feeeafa290555bc8	80000
0x72a359124243db238d512cd5a7c2b5c2344b8369	80000
0x31ceb707388692e78668329b17a5bd48bd486642	80000
0x20e69b772b3c55c548e02eb919e9b691d8390757	80000
0xa3517a2b8880b449bf386f3cbba82568f66c7958	80000
0xf2896418f33a70f9bceb9aa7fc92b19ae1720d5a	80000
0xd5eea751b6899c8828c44772772ff5d04d39ba22	80000
0x1a21e491afee0bbfdeb8173af2ae07eb6f659d6b	80000
0x171c2a0edd40c01053aafb2e16ecd9b06ad898ea	80000
0x5cf6aebdc08d6b01381a8760d4bff03409cf0aec	80000
0x3d0aa67fd77a2d40c063d2cfb9b90927343dd1b2	80000
0xd4c1b1dc18c0bb20c15703b45c313f836910c34c	80000
0x8ecd2363c0379c3db2bec4828e53fd327d081fd9	80000
0x8192a522a00da157b5a82d312233627a89bd7a4e	80000
0x13c2cede19739447e434b8d06fdca5d5ba72e793	80000
0xd80922784a97ccaf43efaa1bed6b8dc5df795f10	80000
0x7fe4590e2840f87ca31f43ad9bc7d51ab3bb33c2	80000
0x4175239a81a3280f8b93d30e40fb17133f22d713	80000
0xbead3ef9be758f6df7684d472ea7efe7c6253018	80000
0x9d156bc7c8768294510a4a41883d5a4eb15b15e3	80000
0x7b0dc68c114b1873c4544ae170a32e206063bd41	80000
0xcabceb9b1cb88b45da38455f5f90ac709126599d	80000
0x57b4461f6af3f377b6a44b048917b2d01fb68160	80000
0xab830cf1187640c0cc5b7d44fa7152465b975050	80000
0x9462881d61b9379ee4fff783c2bd8ac80d945aaf	80000
0x46a07db76b9feece7ed55203f517085d214a074d	80000
0xd487c433ded2db910f11c3d52a150db16c6cc502	80000
0x13c73528ecc7223b272f063057528543456377dd	80000
0x752dd7e0b9247fa328bbcf9fe24d5c2719a8b4d2	80000
0xf4b9d5202633e4d155eb3df422886e74b57ddfa4	80000
0xae96d15537afa0cebc7792c8d4977de6cbf759c5	80000
0x2534eafac73efedf779be8ff7a194ec374687433	80000
0x25d4e089cc27e6fbf9b604f6a40463253a045aa0	80000
0x983a256b185943c60abb27598c20b72caa46ff1a	80000
0xd2dfb5bccecaaece4ab649cf3930233f8ce6f8b2	80000
0x3faf4ec3694bfa2b3f9dcfc12a5ae19f923dabb0	80000
0x4b812c4c1851d5fa87668b6e7f768fddc814ec64	80000
0x95d1e0e4dbe9f6bad5e58b1d2564ee7831b28764	80000
0x272d42ad324801f62b6f1e0c34575edbd73568fc	80000
0xa13587b1bf0c604cb5f1edad0a9384f5eab6176a	80000
0xb14a69126818b696565be64959fd6649d6960dc2	80000
0xceebc6d157f0281757d0c97f8978cdf60b86dfb7	80000
0x953448062cbc361c4a49144bd1d43a294e4b61eb	80000
0xe23b25a8056b91f38c2ca29afc95d4d52d8f05df	80000
0x785df8eaf90852119c44ce30c099d1da8f3dd339	80000
0xb89f232ab75dcb9587405699678d987220e480a1	80000
0xf0d5b50f6e8d1758af9f8375fc8deda4471f078d	80000
0xce91783d36925bcc121d0c63376a248a2851982a	80000
0xb0c193d06bc358b65e13387751b582fac5bfe247	80000
0xf6422efe2df9bccc90375a216899eaf181ceab50	80000
0x4fbca5fca4f7aaa46713ee8174baa002b431cfaa	80000
0x8bd7b1c78cc50a82d8b1912caaf7cc498b41a085	80000
0xc60fa66c53e8657d69f229e2b897d8ebb4e3ee80	80000
0x663198666f6b1c88e4739676b6f75d0a0f0c02ef	80000
0xc12ddc752a9987336b1242fa098dfe5fb458eecd	80000
0x1fa6590a72244f642fb955daf3c552e53e36d719	80000
0x2bab6abd065b4fd1e0f483a065c0ab498fcd61a2	80000
0x6abb6c4624afce8bddde53a5e29de19e11ede515	80000
0x3d240427d173796a00c8d809cbc75b08cee608ea	80000
0x67bd3f3fe35f31e68f34341bda7f032fcb357cc3	80000
0x18c20971b2ad02bb8329d27e22aa8c895a965edd	80000
0x9e1a06dcf0a8d6c2d82720d6d30904785606a436	80000
0xa2dcb52f5cf34a84a2ebfb7d937f7051ae4c697b	80000
0x0e8bf643ad0d09ec8a75278cc6b99cc4c26cf267	80000
0x525abb62573912e75a999c9d7a8cf4a5018bfe67	80000
0xabceb0f84c830d6d7b94c6273f2ab27ca597aa25	80000
0x58ff99f167f5d0cb1eb43fa6eeb344773f67bc06	80000
0xcdf8ab4e2a75c65cd2dcc2f3ede3742eb2e0af3a	80000
0xa38c7444aef0b6a431ba2a8ac7996ddf5a40f9ff	80000
0xe5fe041a0a69ef9e48d695bb48c47a1a8c40b5ce	80000
0x8e0b6ea40b8447b76473e6003bba47b54ed576c4	80000
0x097f1b681c06314754487568c57caff68f66d8a3	80000
0x67fa6e316733c5edd46e46e4903d4e86295a3835	80000
0xe8792a9618008be6b2f69d4ccf6dff77c6cf9907	80000
0x686739349019c7900d5ead4e68f546465fb1a45d	80000
0x35ced7c4b927dca5d4093c76ac2e719c7179ce6b	80000
0x0b5e2b2e2af0040fcb85fe3643c7b2e1bdc67857	80000
0xb232ad656fbd3deda21f8ae177e17f416294118a	80000
0x82e7af5715e468a1c4a890d3ba1ee56f4c4a0725	80000
0x7611353e3160d38abfd1b5b79ab7461c30ac026b	80000
0x6d79eea118c5f909cb79c75f0dcd61dd7f3b988a	80000
0x56ab5d7ff1030e976187992c5d60f4b9b6ca2659	80000
0xd7ddc3961f92e00c542fd4f0192074a1de938cd5	80000
0xad3a45b38801a55a9b53d5ec99a829243c5b62da	80000
0x3d7fab5ecba07d933567cb9de777c7dbac872867	80000
0xaaffb8033caa475121f728b4f0d7a23e3c382cc7	80000
0x7a1e2a1f5e4907878ff436a23abf7f4238ffe5ea	80000
0x2c066883ddf11d711a49c19aa2b59125e6e103fd	80000
0x827a9f3ce3141a770f92800b7cd15172fe062a7c	80000
0x4ffe72a85f13d2f812728b52639b77ae4fcc7f77	80000
0xba6fafcddac7be6ae9bf1d8c0dbd738fbe6a2985	80000
0xc28f1d7b8a992998c2bb91fe1d6396c2b7ec1fcf	80000
0x8e9d8077f4963e1551759caa5d97686ec567649c	80000
0x4870e7bf22b10e69b8d041485723f256eaa80352	80000
0xcd90574bc2ef39bcebbc5561c1c9d8e42110c239	80000
0xb8595d024afa36e0205af627e3b47bd5ca0cf67a	80000
0x7d292dcb8d4834878126215b12a2917a12136afc	80000
0xefbeda27db1429b8731778154081cc0842f0a81b	80000
0x664d00b86622e6e1c29c38a6aba976ff21c4e4b1	80000
0x0ceb9ddc3aab8abfbefc828af9e219703362f3f0	80000
0x525c624489edac03ecc6c0023aabce747d285c2b	80000
0xca64f8bffb5351a22b0e171d99eadc6612ba0ec9	80000
0x36d456ae58691870c8a79d6a215a33d30addae28	80000
0x5a87468803f5710321c93a0f688063f5d8185a3b	80000
0xc5189a657e06aea03ae55e5718d3b11e808357b6	80000
0xbd29629b0c918e5ea22de11ea5894b34de144bd8	80000
0xcbec2bbfc0c5bfc717d7ec96880fbfafa933a308	80000
0xaef91984edbe836228954316a2c21a220a9e54be	80000
0x7f588a5ae89972e9ebea4eed36c041e8c2f1dd05	80000
0x717b3dd8be21a890d10787f20f56f02874bcfd12	80000
0x9f1e7f58da5d6a0a95db6839e97fd1f1ec113e68	80000
0x3578234c0fd2d531e84eec84cabf64ff5b246c30	80000
0x048d686c08652725034eaf1db9e2de59a17fe8f6	80000
0xf5b197e3029aa01850d259ed9ddb29debee03685	80000
0xd11745624449be3e17411c6199a4d1d44a14cfb6	80000
0x048ea8774721fbb5ea90b24b17bc5f9f91c034c4	80000
0x3b2649ca6a32709bb40484f830c599357db80c0d	80000
0x18a7316ab9dd235bf05b9910a5be1b0d382afbde	80000
0x5dce2ab1ce43175a6aae7c70088d660badd2f3c9	80000
0xc4222594c24f88d96e19e5eab3dbd0e35d36ded0	80000
0xa752ba5a0f7505516dc76a454e9904d8720590e0	80000
0x26ffa5bb4b89966b74b781859c1b2a5dd9eed4f2	80000
0x49ebdf04634a6a1456fb40eac49215c122a28e21	80000
0x8f16077d2ea4a17e77b4da1f7f63aedcd779f6aa	80000
0x9cb96bdc106c5f791a4bdb5179c571f3d7ba0f21	80000
0x4f42b833f8c451fdf203839f399c7e174c2bf4f6	80000
0x8d4a860a90af13684df1fa96699a89b3d2dd02be	80000
0xcb9dcaa8beb39c593a136662078e9568241ab03d	80000
0xf3c62665d5e6f0f1ffe35599a1856f200eb0ee7c	80000
0x361fa0c38bc86bed968bad5ed68560b5dbd347bf	80000
0x8a313abe67093b1ee9f1453f31475aa9175cbb53	80000
0xccc201c7369181f98b0f2faab15ff8a284de1154	80000
0x3fbb31c0f9e50943af810658bfab91c4d861a96b	80000
0x83a9f3bd34fcf7bccf4eb030dc5245f2a4e0fad3	80000
0x7bd1b30f41451e4071d21e4a79b5c72c3f62d51c	80000
0x05e21cb0e493d35941d18ee599f0dca72939e92d	80000
0x09e5dbf11126ca7a812f6331ee52ec3b8d49fa4b	80000
0xbc88e2b3a7a1ee4d9670fbcb84287f422dca05b5	80000
0xeb22fd0cbbf4945503a743861f91802a8bca0203	80000
0xe7365523bc1ee9e343fd6113af2418f067f6fd20	80000
0x20528b040b9ad96f856b0473727b92c96835d9a6	80000
0xc1178d5bada448126a5054eaf4e7c2f3fca5e974	80000
0xae6caf0630ad6c4cb6f7c7d0f85718aaf4545d33	80000
0x5309d1eb434af2803a65ff35582f2af53aefd6fa	80000
0xf8b3c997e6b7dfebd66d07f9e0ebae01fef7e192	80000
0x712a81b587abcaa64ea8ff2f0201f2379bf120e7	80000
0x88eb0f48077f855f94a246b4d70493cf10702550	80000
0xa83ba67d7e145ee1274df84ab29568ab63ff39ca	80000
0xa051599611ce800ca4b13fe066f11b17ef461521	80000
0x306559439abce406a62c3cfbf99c5149d4257855	80000
0x355f4d611eeb3770933c26f0213f7843350c90f8	80000
0x9dbaeda4bc90fd23c45d4b497cd8c135edc90b94	80000
0x24d6990e2c712782ad9d15d0e6878ad3b1c8a9fd	80000
0xdad11813f63470b93303680ee2474bd162e7ff4a	80000
0xe7a5c6120bd34ed40fa7254dc823c98009c56657	80000
0xf30de48810995e89f1743835114e7a6be24e797b	80000
0xfc865ec58810810dae75f61ca62abefa220be9e4	80000
0x27464d0fa2cca3b6e165ed747b9bbbb3e274be3c	80000
0x4db5dea6679ba681a2d898e93c4bfe5aaed072f1	80000
0x12e4b4a2eb1fb5ba2d10a7dc482c00d4aa04460d	80000
0x377a0029cfa7038cba1ff4ff97c6e3f919079dba	80000
0xa9ecfec6f2f424a155b883eebb7b9c569e7cea6c	80000
0x7fcf050138eb782836951d2e363ca98b36773dea	80000
0xcb1e23eff4c55e48dae8cb28afb7c134187180fb	80000
0x00d8e030dcdf023c0d01c50fc1b4bb31df34b4b5	80000
0x1c3c9091968f2a5eb67e33098aad0e103871451a	80000
0x58217244c342bb6bd95e55a1c3d4af9b81d63a4c	80000
0xf19a1f866ddf1ae48d2cd70b1bedd1bd51611ea0	80000
0xe9b05345da0bdc932af131a787e1339c31110e4f	80000
0x6a9970c2a370667ebaaca1bd78cea36371d3ccfe	80000
0x55fcb450fb2592021ba4f57a0408ffc5d70a62a3	80000
0x359190098704356ddeb672d370bd60230b1b674a	80000
0x28a6295ceee57adad4d8430407bbf0b2e240857e	80000
0x8e70cb60b9a2f6bccb93b0cc46ae6b6409aede35	80000
0xc28654f2e04d4829f24077d2615a1feec1ecdc3a	80000
0xb48d2d9f0c5a6a877889009c4dd7a24b74a427df	80000
0x25b890cc2a16d2be865fe9ecf5c15d96a7f04177	80000
0xceb7037c804c20536b122b8fe61df77568ea5d8d	80000
0x5a8ee559cc1abbed9908f86048e176e07f161a4a	80000
0x648c9ef315efffdd89b057f963547ddbcd499166	80000
0x78dd61b24f1644cb5207b0ee8712ef46b4200336	80000
0x01902573cc1e656993bd87f31614c65fc4e1bd82	80000
0xd8803013d3e3c45d52fd60b6cb181458622c07d4	80000
0xd6b2dfbe00e35ba1676a6311877845c85b04be32	80000
0xff57361278a5ffa15d46ca7a13adf47d5e08fd64	80000
0xe00033b6d279cc2df014a07ad2fcb93a28deb76c	80000
0x353a3ec27b6967ddd951f3561e8ec5523e89454e	80000
0xa068fd1d42f7caa5044ef1cea8d2b65899223535	80000
0x21d525f2df60dc85287cc844f4fcc5af46c9159f	80000
0x604e0c30a1a66961906c882c399a57d721a2765b	80000
0x14386764e56269eb5b505e907840777676b1623d	80000
0xde32c7aba0169f81f74a6728a061ec1ec153a894	80000
0xcf1916771e5c819244f52b69d05a059bc3877440	80000
0x0c1a5ca8a9e2253394e4bc2074d1cf072ee81015	80000
0x1db7b73bfa0361479158110caece0ab5e621ff37	80000
0xa12a5c2bdaade76e54cf85d72b37975550deb570	80000
0x38aa0f0118af90e43aca514eec6e4d82fcc923e0	80000
0x4a16de266f8792f96f73465b1f67721c05834e80	80000
0xeac9557b3139474f174b6b3dacef93eab5766a5b	80000
0xe9e126247fb0b530777336663c575c715a373da7	80000
0x6eb1c39b3fab5e056b7e9ad0287de8e209fe0536	80000
0xebe6cc6820a76705b6654fdd1254256dcd54f1df	80000
0x58b84c983f71c1e4717cdb048724c6c908b43051	80000
0x5364812602b53d3993414967e028c40cfdf3094f	80000
0x4ab6b7a7c3475e76572ee072a43dd38f65490293	80000
0x2ed67d0d1acf9cf655e94c41514a9e3a6513ae99	80000
0xd784862aaa7848be9c0dca50958da932969ef41d	80000
0x0749405611b77f94311576c6e80fae69cfcca41a	80000
0x23951b439fe3ac1acfe8d82c639cdde077dc98d5	80000
0xfe8048bc739e7b8eb39b548661461e188e97db89	80000
0x833999346611ed90fe387f27048cc7823e58e65b	80000
0x6708b4555e658ccfdeae575189d089ab6821bed7	80000
0xdb22f3703f97d11a4aa41301c75851fa9d85ec16	80000
0xd418c10544cb41ab538f70ff658ed3fc451991f8	80000
0xfa8d5aa52a91eaed82773c34d3c7c0c4ca84fd93	80000
0x5901d84642cc9fe54ba0a0fcada5f2a19c010326	80000
0x9b2f9ec2b0525c997311be8d77797c45c2a74dd1	80000
0x99ed7e31f22a8e750ca702c39a2a3b5744daff31	80000
0x5a0d2ef8c5554cb3562aa17305f16d3f96d3564c	80000
0x4efb901d05a7ce1f72ec83fa73b11ddcabf0eef1	80000
0x0d4adc31e2b03408824531e6236a12764e220eda	80000
0x42a8a900c2ffbdb9b23baebc27fd3e5c8b923fa1	80000
0x6482a07ec9b8ed76cf7989d19d39d508cfb5e875	80000
0x4335a2d0912335d3bc922c2f9979e4c4ae538834	80000
0x54021e58af1756dc70ce7034d7636de2d2f1fa74	80000
0x75d2dd91b9f9234c493cf61e7e6227a67b386a37	80000
0x91b188b63a6a1ed01014dc5de0e4b4985743a981	80000
0x02ac9df5f7fa60cfc718c8011de15f67aa035cd0	80000
0xeb10a955cfd0c9b9f192b0d0d820158dec8ffd7f	80000
0xd50166fafdbbe2672d0c00b3c7f39f89a4f4095b	80000
0xc104dd7db9e7979726ea2c357f7fd0cc732964d3	80000
0xac2e80f93d507ab5ef326b38b8c7363e02bd2cfd	80000
0x24912c4eb4e0990077a27aab72a91bc75640053b	80000
0x2c00a8fcc8928bbcbe36639b35ff55856394f209	80000
0xd43808cf42e79bedd836d9d3b21565266da5ffc7	80000
0xe0616cfa73f0eb4ecc035e9eaf71681b123678c5	80000
0x19a0f3855fdc419365b77a60e28d8f7e391dd2fd	80000
0x312e4c9207cd483d57ad54d73a00e436219196f4	80000
0x2555352198c8c81fdfc0b70f6760e85368c9be6a	80000
0x50064dda8e6041065f67a7186bd1e8ae8d0eda68	80000
0xa4d880c5c601ad8c0c2b6ab74b931db86ea0013d	80000
0x143221f535a1c061c501860f459dbe984f37af29	80000
0xed66ca5e34f0089f06157360710a7acf5550b673	80000
0xc940830aab193c76629c10a46ff25c68def5de66	80000
0x73d17b6eb5f0d88113d83d788d2b5a35ec5b1660	80000
0xdc5e0658fd59000e656b00244418774233d84326	80000
0x539bb68a9ede6baec9fcdeb887b146c04c55bc36	80000
0xc2ee3167e852ebb309f2c7cb0c7d7b58f0dcd0d5	80000
0xea081e8df182479bc5f5340ae1a4714177750efb	80000
0x61e2d3947365bb68c71939c20daf39e82d930805	80000
0xf2bc80b0d9d4a720a57ca2d2e54f9bdd810ebb0a	80000
0xebd06c4550904a52403f89bb10256f8d0e73ecb1	80000
0xc18cf3fce9d397d9094c34a94b8dc668212b7c08	80000
0x65f3f7a4673f0e1aa9257773312292ce67942a80	80000
0x9180870948c2784771c695cb79b1c13b94267121	80000
0x5f844e144f76c42f93f63eef9931d1718052686e	80000
0x4d52a410d16bbbbecb43cf047e7540cf020e8770	80000
0xfd03f59b3240385d7cfa52661b0e5cabd92b1773	80000
0xc18dc14d5cb1c2a10587a04aa2d30c8fa3f01c70	80000
0xf149c1e591f02696fa25110a937fbcc96272f009	80000
0x24b6d782b10a7ff27e7234ec29e27e5c2b7f470a	80000
0xe96c3de322ec8c9de19d63ed9f9cdfbe823a1c40	80000
0x225d7280ecdb9f1f993bff2f887228974c72093a	80000
0xc3108c0d614217a701d86b7917a9910ecf4e2da7	80000
0xa1159d9403a31139e746159ce5e7f439e0a95314	80000
0x198c7ec4490cb625f1b9e1bad8dd31a5cf549d9b	80000
0x9ff3c5375627cc34957108e9f10f8c7c085c9b5a	80000
0xfc3774439be0baf513aea2382bab5c576702d27c	80000
0xa8eb50cbb6cf7cc7e092138dee189a60b4389c7f	80000
0xae0bd66ae87c1441ba5668ae2629a1580cd12990	80000
0xe00ae360e7c7438eadd9865c4180d3004620d696	80000
0xa92f2ab4a6c9d0199baa02ea253118ebdafaf2f0	80000
0x448d9ad377dd90078c14b017720dba567a8f4a01	80000
0x5067276ba79e44a9227ae71dadab912512f00203	80000
0x3cc76914c2f642edff63cb8997c26d304d6ce2a4	80000
0xd24e32de8308e2fc05440636fcfcfa1aae62dae2	80000
0xe0e7dcec98ae821bf1b13fbef3dc977fe4de8903	80000
0x986e41eee7ba78cfa5e2656d5c01146e25a63a7d	80000
0xc0cccea55d3fe72b24c44c381fa0d0d2115a6736	80000
0xd7dd7febacc6d2fe46afa77bd64872b573225e23	80000
0x479f185fedbe1adc9db96e74b67e373b14677c11	80000
0xb8fbf55486d41afc7d7f9e88fdc307080636b55e	80000
0x2fe4fa88919349fe6482eba5c0880c24a16f3182	80000
0xffd64e5badceda7d2741246055e4cc9cb29853db	80000
0x378bde8b897d64f4047189c3f8b689008a560bad	80000
0x302c798651367d282da4ee6b019a9e0694406e74	80000
0x4553038cc338745a861b7acf5d4043fcbb6dab18	80000
0x4de65236f43f6c671096b07d040394edde828f12	80000
0x5ee08241d5178e8b270324ccef5c0b390e282592	80000
0x0ae993dbfc14407f7beb48212efbc8dc35e9e6b2	80000
0x3125c6e7467ce304345a2b1943f8cf5cb960ba3b	80000
0xdb1982f55cd138d0de4d9380a1b60b0b8014f2a7	80000
0xd59d5f5e2a79e17157d94e2930a58559342ac9fe	80000
0x07b9419138353e0961ee7b865e2f27afbfba8a7f	80000
0x537e33b27d489974649b3db1d074cb64f981f7f9	80000
0xb2cff30663a6bdff3f727cf519db162ce8dc153d	80000
0x3ffcc1a701409e581be445e75ad865cee907d0c0	80000
0xcbb36f158104afa8ec3bbcb8629ba95199b2aaa9	80000
0x094cbd5ea550e3009add41ea5a06d9d719c9d537	80000
0xab8e44471584fb1a2e1d0230834ab6116cccd749	80000
0x90db20503a72e9db727b1db44821c706c8b41775	80000
0x4faaa0fca1ac3cacf57a53399b2a9ce2096194ef	80000
0xd39c7b5f859f0b13a0d66c3d858a387ac8f1de6b	80000
0xc34e1eb9dbea88abd6c94ded70ec33939213770b	80000
0x7e5a088b903e4267b343d8f5998eb4901be686c8	80000
0x2ba9e7bdc9515af90062bd3750a0471d0f71e707	80000
0x83e0e18e9fea4dc39b9b6dc16a48f10872b9f74f	80000
0x6791ef00dcc71c4690b5a59b37c852bd72d4a88f	80000
0x09a00e10a4beaf5c9feab6f874b27d7337e0a33c	80000
0xf9028e5172451c4287351275db75c17c937d267b	80000
0xe28cdf63ed1aa95ee3eb532e4dee2d485c64ab54	80000
0xf156f061806b54aecea81356000a9b55e3da0369	80000
0xe5d6bbb5788b0123fcc4bfb6a3755993f1f15950	80000
0xd53f0b61f6c4725ac2f8dd9568b89d63b1523c36	80000
0x53293b165725f4fa9e185a472934ac8d3fdb87e9	80000
0x40494d1336b2f945bc09bfa7ae06b5f8dd45ef2b	80000
0x43fe5b2079036116adc0b5f0aaec1cebc1a1fa08	80000
0x0f55f315617869cbf62bdc4f883d8c0ad90cf63f	80000
0xe33020edf1b5c9933003fa1329cebe9610cb66aa	80000
0xac16b68146f27f229620aef84006f43b0f310a35	80000
0xf7e033c6b57ecfdc4c6e838869238d3be4e8a38b	80000
0xb2933a03f93ee567537cff8bf08a88b1bddde8e7	80000
0x217c05f5d1d1e595bbae94534540b803bfc4563b	80000
0x32dde7db38d91300ea1995c195face6894e000da	80000
0x27a241d6689c93b299f641ece8fd0aff8fb0fc6f	80000
0x1ba4f5dfe5cf362efbfd68a5b2c05691f4039cad	80000
0x64481d5065617c4f06183dbf28b61c14adc71eec	80000
0xaf084252945b6a71a7ef5579c187de9c436041d5	80000
0xe2e0b7285171217b24228b7a5b0e16e15fb32061	80000
0x2523b6ea04f79dc8edb2e1ebc8f773c2d22c17cb	80000
0x388ee044906b5e05a1c232f3d48225c09bd829c0	80000
0xb0dd4405e723d6bce86a551ba96c6a4daba4fd1a	80000
0x073aba73177668ba1c6661a4ccddbf77dfc8809a	80000
0x65e507380be32994ee76112b3ee2146d3db9b972	80000
0x12331b526b4d896c00d57b25f50490e1065f236a	80000
0x9c0ba18825a627b581cfcad38d0bc8877e15263e	80000
0x4ebe4d99083f6ea5a2b919aeaa7d775b1f67fe2e	80000
0x800da2ba32a1a534121531c9857c137231cfda3c	80000
0x251ebbabbb8d2b8f453eda60a18b0eb2b1939f7a	80000
0x40701b17a386e76eaf2d5c31927ad5941644c8f7	80000
0xa0d37bb6329983f18136064a5fe021f80aaf5c48	80000
0x020cb5a75c25eeab93647f0fa973b4c6f5f5c238	80000
0xcf06f281086f558803da136a7ea305f1fdfd3892	80000
0x0b1b46a8d0226ee02f512bfe617f02ea974550a2	80000
0x59a103e59036f1cac6057b0dbb4aed9e62d18c7d	80000
0x821bfe287a0fc6efbcc0c49a19c575086de6c24a	80000
0x2af051b5d3256d00a125a079123febcd8cf4d326	80000
0xc2933282893e89c74aea108cae6fb91274e29ed5	80000
0x297233737e77615b8cc1347d12d10c9147b56df6	80000
0x8d38b8574cfa8c6fb3f3ef939e00ad48bf3e1f0c	80000
0x4c4290d4841b26c9942105c1af162d22a436da71	80000
0xeca4d734d6a9ba231ad1da456c463a311b80add6	80000
0x10cac71dd31b73d082aa4afe575e12d84cac0152	80000
0xca62130f4998ab0161f8bfae22ed2adbb3503e73	80000
0xdd9adfdf54d8707707fcc4f6a4ac6b9034f7ab07	80000
0xa77154e5a4a2b238909ef43b22c41172b174eb16	80000
0x88e48f88096384c5f6149f60cb0a394b4fedd10c	80000
0x78fbf20cd9950dc4471fe4bdc290b556ba478ceb	80000
0xd47e3b2d9221976991e5676e354fc17f665abece	80000
0x561da4877720e3b6823ad7bd195e5a635cf146cb	80000
0x30945ea8ec92257e0bab50ad0666f81216bdd109	80000
0x33d3cad5b003ae22eee3e2f4bf014539efbd5347	80000
0x7dbc2107488e4b0706d01c8957139172a8a8d70f	80000
0x2a1b66a09b0702130acfe6e547e714b37cd5c1d8	80000
0xe224888f1e5a73af31f8beddae2bf376c0d9dedb	80000
0xa8d83e471b94843b4edeb66d43e7275addc17dc0	80000
0xdaa53b7c8583224e821fc6cf590967f7cbf7bd1a	80000
0x599cbd7290e0671bd55bb4881c2d9137c546bf8e	80000
0x254101e91f62905b237b19900ec4be78a4203475	80000
0xb7c0b1a9592780868af195bbd574076b3e005dd1	80000
0xbba54e0631657ad9f196f2d1637413c995f772fc	80000
0x229229284c0ea7c2a898765a5652fc03f0e35293	80000
0x8a23f5903af051cabec3eef3dbd5f7d51b0c27b5	80000
0x7458af9f954c64f304b40fb1ddeec2a7e7ecea6a	80000
0x055f2d78daa839a991a575dc22b3b7e9ab5e0374	80000
0xca53af7c576efb34eb23a0d770c913d7dc969212	80000
0xc6da31bcd085ae0b6c41052aaf9ca24e1998e42a	80000
0x83e3982fa26bd2ab01ede996aae61155e05721de	80000
0xf245ad09c065d1558d6a2e0bd0b6b15724b3a995	80000
0xff317ae69563163f0f2d92e5eaa7a1b881cac418	80000
0x644d52d0f7af51b3c485eba1c4c6c196f278442a	80000
0xbc6bbd6e4fa4612ce611390b1f58acead687a607	80000
0x5a95d5edcc1e6b2f53d66cc145fcb082edd99f56	80000
0x98771bba24d57af722b4b43f55e002df4f7d29b2	80000
0x691a6aa2f2a5408cf75c8c711e0ff7763f13d88f	80000
0x87520014c624924b9bbdba15d1ca8bd1c7056474	80000
0x9aa1a339256681b5ce9949ee6194350a3825bb73	80000
0x800b23291f98c8a81bda1c0b6a80058c6d4270be	80000
0x82da2a88f5fe298dd7399e2f73463d16cb6e57be	80000
0x03df23a7798cda3b108ecaa4cee00b1d58b25322	80000
0x3733687d263675fcb67152cc7ec2f34a671aae2d	80000
0xa99bac549060716a6f45c16b145a614b78f7b3fc	80000
0x328bd42745dfeab4db0970cae2eec975e22123fc	80000
0x52228113680ef822e82f0507d7107576ab62fd51	80000
0xb04ffd8749dea472c04c6b2766fe86a3b15d1285	80000
0xed71d189a00a690ed88969a7df1dae65a94bb67b	80000
0xdaa12ca83de2fab833fc28ce1300ba6ddee67204	80000
0x0f3d74f9d842902a4d5c6b8e1ead6d3726c7fcb5	80000
0x65a6f17e48893697b5014a7a09e51cb4f742892f	80000
0x47ef8edf0330cf20bb1b386520df38cb5ff99b13	80000
0x5c99e5f14aa8d3c483b3a4622da641eb91578b21	80000
0xdd16e9fedf8b56a1eb5b999d69355ff9f1db32fe	80000
0x039fd0874be4581afd21ad85d1e409ab1eeaa712	80000
0x09eab44014e7dca26a8a446015aee1b7933f88f7	80000
0x4f6cdaf0fd4f5f096b237011e9c9f905b5c9773b	80000
0x0668268bf856d2f0b0b1eba036f390dbe16ef0f6	80000
0x7ca79825afae2a491d32837d8c6961d90ff28ff6	80000
0x36db7e320769bb38e1e2863d084f70cb5bb63fc3	80000
0x70f7f37a0a3f5e7f7d38f49575cd8c39063ddeb5	80000
0x4f1b4a2d5cf60240df3035688db8cceb97170301	80000
0x4f8cf565ade15071d07a6077f6ee9b6131ed3ce9	80000
0xc6ed6911e1394969ea93882665db526c14c4fa7e	80000
0xfae6a037b7098690946865852e7f9c23d9cab601	80000
0x69576100643dc8baddad874b719edcb5a5f5f3be	80000
0x503f732a77180aae2d2ea068f1100285715ec440	80000
0x41fc3c9fae9dce8e2c4bce058224ed55236d7ed9	80000
0x094a8c7478fccb34bc84577c1230da8e7913b7d5	80000
0xe4934c21ad322f2f51d66db6fc185f2187f994f3	80000
0x6a9688ed3fef9321b0aaee5d0fa4823b27c520a4	80000
0x23922fa8ff77b5f61d1d5ba22e81c1467c074643	80000
0xb7110c44e45957cc3f8488f352fdd049e4263a14	80000
0x3f718146c5d5c65d077243cf55dcfe694013bbdb	80000
0x2f1a03a0992c7034b2463059f4a2fa330d0ca2f7	80000
0xf516362fc3562e168f1af617d8d11f195419b22b	80000
0xf1bd753a82e6de5b56d60356c231719c68eeeac5	80000
0xb500e903a523c3c3497707e2f2ae72a65ec74887	80000
0x96b72406d55482efa1974bc6b2abeee104078d5c	80000
0x3f2ee7f4eaac2c95e0c3a0b8d5ed0a5287e2c4d7	80000
0xba6e3cc402e4ba5642ffe8b45efaa01f891686d6	80000
0xb4b51506f6e5a188e7f733a5f704c8e69681433c	80000
0x1bbb84e74505a3ccdb352e7e385ae1e5155834dc	80000
0x99bfcd0f627ed711bae6c1ce06f265dd5c88880a	80000
0xf5d7317f6df3b73caab39144a92eaf84b024d9e2	80000
0xbccaf388cfb9efa233a8c45c7757e02849926916	80000
0x6bb84c48a071e8169aad9fd94e8b748ac4ea3f05	80000
0x721fed035a00317911e3c374d578a786f4444816	80000
0xeddff98bb1b6c9c065799e34a4e90931b4b8ad3d	80000
0xba8483787efeee3493353fdcb838759a7050ab40	80000
0x64dbd499a6260258be90dfa3bc50ddd1c94b062a	80000
0x8376973366c4707117604b18824a9f2ba59eedb7	80000
0x24ebe893a25cf8e7890dff527aadc0426f1abb29	80000
0x8c81ed45c7c90cde19a1b8531c34e1aa1740e14b	80000
0x70a3bc9a5f1f818951284fc8613e7a08cfbd697e	80000
0x43b3e107f5ac14f14eca3f6dd59368702dfb599f	80000
0x38e87dea8b44059c54d1f6bd7fa390bd1ab82d08	80000
0x9f3ccda6fd66d318f4e62340d21c86df94443d74	80000
0x1789782d2fe773cfb6003f79d12de55c79d06d72	80000
0xb6941a32218bd6a34ca3d80b6a9ca20b75e50a6d	80000
0x0d2daf22925138cecd666c040ab7c909e590ba2c	80000
0x3e7900b148f0500820ceb23d928f243d853b243f	80000
0x20910695037bebeb4ba0b77cb9914e91137d7a1c	80000
0xb10b5568d516a6121a848b86a0640115827430b1	80000
0xe441a178580e68af1de680e0a42c507ca763a0dd	80000
0x3fb861f5656ef7acf69764a3ccfe5b90538c40ac	80000
0x1fcc46d4eaa457fed4aecff4611197969ec95f94	80000
0x207ddff5fed3478b90f76a524e47d5d037b7cbb3	80000
0x2f502153a0c6f889e01297dd9d8451adbbef6fc9	80000
0x6b74e76743263df47f047de38dcca658f554f75c	80000
0x9d4b9b5a835e201a81e79ac96cfc87ee4c9737c3	80000
0xe0a6dcb36193c2e9201623fa4a96070f7aa7b6a6	80000
0xd7b997b0f9ffff5270b86423c37a617b59a31a1e	80000
0x0f580c1aadc93bc87c5208afd0b37743f654138f	80000
0xa605627a93aee17fd0ef191baaf13e3d65452537	80000
0x099ed875f4592cc957da3ac23eab290adff622e6	80000
0x07987d6596ce1cdc1932b8273f42285f0e383777	80000
0xe8ace28298e7c4b00048b4034b5bd5e06ab33f45	80000
0x7102d1a8516f58416bc03dbd2855fe5801edd8ef	80000
0xfdd282b6c092d57fe418ad4567c3860119252544	80000
0x258b7070d96e225e4275c085644dee6f039f8e00	80000
0xd94ffc661c16aa77dba60a4641940506aef52484	80000
0xd101b4633af6c4ca084d41327db1bf940fbacaf3	80000
0x28677fd0bbbe46a0224e332dc32c0e40b0348355	80000
0x31ba58f8e798f103178c37e79244b322be505ffb	80000
0xe4f2d92e8d32d3e756c4d279c2105aabcc12573a	80000
0x03c9bdfa724ad71e42810f5a681cb27f2f663b02	80000
0xbac4f08357ee419cb47f38c6f12f543fb932cc1a	80000
0x81651bfb9af8cefec6fe8c0bb60ffef72494cde3	80000
0x65798d3bf9a7616042ef479325b3a9167c56c62e	80000
0x6faa7d4b7f63ebd067fd91ade87298ec04f312c0	80000
0x8350f894a6c5ea58cf303bbfa0fb4b0fa4cb2850	80000
0x631a00226db7794ba699ae6b0896503208e5054a	80000
0xf5883828ea1ddafe4c078ea54d546adbfe70ae7b	80000
0xcc123e572a20374e847694a6762cd9cf1017bb9d	80000
0xbeba4c8b68a7aea4a98ee78354acfef4edcdeadf	80000
0x46cec576c447c032c6dcfc4fed4277a4e973681b	80000
0x2bd5f1630a117bc132594e1b4dcc14132b1547fc	80000
0x9d51efea9458e9604265d3f98f76224eb3bb93d1	80000
0x03556025f4109c842872245c1ee2eb6221ffd7c1	80000
0x3ce1af89b85b6eb4b8f5fa1e2face86877b5b6d1	80000
0xdbd1fc5d87c86ab434cfbaea640583da6ad59340	80000
0x5f366cdb73c7eb4cb2743d983e2c2f4523877b87	80000
0x56dfd8d20444ead9bcfe2ba29757ac462f96a3f2	80000
0x9a26d1b58c38000309058695d414089d8cd4a767	80000
0x9ad2bce03c45e1463a4f76864436a3048086546e	80000
0x2a2c1102cc6f3ef7e3d469e47c70ad8181c1faed	80000
0x009328ae8c088cf3f707959bc06cdf82cf85642c	80000
0x08a93ed2144168d503ce917d8b5add250d0b1468	80000
0xe9e615c3b56688a8937a604f6f8668c7e9063b2d	80000
0x022c2c0e90458101bec9f688e80f13e5d29af468	80000
0xa61c8790bba6af2eee917ed6f4d81a91a9e95b94	80000
0x4bcbc0f37f3d35b873360517821bdd8bc26730d4	80000
0x9d5ef64d820f2b4bff570f9067d8dc0c1197b7d4	80000
0x5006692c9a0a288131ca194eee32c2914d71f8c1	80000
0xc3623db4857b7b5820fdd37199f3cb6588343902	80000
0xdaa40975efe4d161511a62ad1c17b83fdae5133f	80000
0xaae911215dc6a340ecb488c800cbf31b47621891	80000
0x84c11b2273913a44d482497eb875e2fdf8157061	80000
0x1034d20233ebe4bdbbf557722283de9002002ec2	80000
0xf9234ec11e45472fffeb85c8e9ae4f932bc82c13	80000
0x8bbb1a5960712f5834b6ac199191bdf80d96127a	80000
0xb9f5e1d8b21dda2a2c0d52d56087b6c32295a591	80000
0x68efdbe47caf12d15dac4e2822b8c57204f8f801	80000
0x0d1ae40cf02732b49938ac316ee54834af6565b2	80000
0x95064120b411ce36db6921db318da84a7ea42953	80000
0x1c88d31516482fc28263f13addc2566a1cd79eba	80000
0xc3c0a488e962aae2e794d4518f492a3d53399792	80000
0x4a85555c4b1497e68cc2939d4d840663ce4f9400	80000
0x2e1c62353efb3743729e1af6c234b32cc4efaf85	80000
0x8a9bd5560368608cc6551a08fe9f10802d3a8219	80000
0x1313d08233619c6ebecf84465a85b595c6b2a5ce	80000
0xed03f3ac1bb72ff2f28d0e776943cd620e364bc2	80000
0x0a04362fbdc46b8af04e26246fa07cc636a7790b	80000
0x3318714156c8c48310e08565b88606d3977ead47	80000
0x2f1495b786f13679e4b8ad59aea1599cb3caab1c	80000
0xeee5a2d6dd13ad2e9807f44743cc88cab020be86	80000
0x860e55a9667113d247806ca3fe26c78cbc830621	80000
0xdf10a1484893a9958965aec539d7779570ba35f4	80000
0xc8ba8c8e2d86d1cf614325cec04151d24ed72dda	80000
0xc3a3ff3e2392792114e836144a147cc34e3f4651	80000
0x36944b474580f5da31b864fbae80dd53c9814d49	80000
0x7a9e2a02d8b060a0f614afec961feacb9dc24384	80000
0x26ec7f6e8879d8fc3c6347c64670fc9f938e3c4a	80000
0x29ece0b703cbe78982a40e411a19e51097937c9d	80000
0x6d3b45b56faa879dd567a2114fadf45b2007f7a0	80000
0x9632fb86962ac82bfe39db8433733e8665a7dac0	80000
0xac8bc31a4046de0a3ab8bef289320087787b6974	80000
0xc36e0051cec4052980e365f982f03851a67ada84	80000
0x9f33348be444570c0430fbb6b8898739e90c960d	80000
0x0b1a89664970ebeb16d6a1a039017049eea45a20	80000
0x984e054376668b2ec960ab7437372e95f8cd5c6b	80000
0x3bc61c25d70a78e4dd224f60d3f6f3b6b2c43dfe	80000
0x51ee688b5062ad2ecd14acab02c17bb91425600c	80000
0x19e205de68a48bd872fc0caac877de27c1b37d3a	80000
0xc62e48a77677ccc7fbaa754c018f055f56830d21	80000
0x3880aab012e2b2e00f815e68b757ae822bfefe90	80000
0x601369034ec86192bfb3ca6ecac95a9c74729c9b	80000
0x0a12442d8e82338116e9aa49427421132beb04ae	80000
0x854beddc13dde8493a48f4663a68562cfbb17b5d	80000
0x8893278a5b4deee3ea0bdaf4e7dbf9cc09025e5b	80000
0xbb1435f033c4bb30ada3a69aec149e885b387812	80000
0xca86cba1c64589e533e0d85fe4c149944ab49a15	80000
0x03326d50f3a972182f50653e5a49c67eda81960b	80000
0xa77cfb9e96e6cbf4b781fa6a7787e13a93c97822	80000
0x8fcb92e531b11b2505e3f5086d330e9b979db4d7	80000
0xb4de775c34c18a4c1b726b25a2e1d0228dfe8140	80000
0x94b60c2a5db13689bb06a73657ac1216424de5b3	80000
0x7476d1e9659a49b92c3f65f0a6de00a18fc3d6fa	80000
0x087324cc969941ee401b4587d8d3fccbd7c10277	80000
0x8eb0746b3650b8b79347ddd99a79c9d97b12d86a	80000
0x58e99fb7c6a49c1818772851647b0347ecf37b53	80000
0xc075c3b8ede5f14ccfb70799a9e906417b6a9c81	80000
0xa13d038680e618325d5068b309da5e4959f03cf3	80000
0xece6304454a83cd66bcad662365f55419731f4a6	80000
0x6e77deb0e6c772f56d195ae2a347d8eb4950121e	80000
0xc80fa57e85f198c22e7be27570a2595da1ecd689	80000
0x696b80979ccbb12883625f91d69f431111f42c96	80000
0x10ca40fb1bd877d6c01305e3ac632473b16bf643	80000
0xc4ed1d3ed837742f580008746a1fcfd467dafc26	80000
0xc19a78c90ad5f994265958dd303978e650fbef57	80000
0xa2afff6ef825aaf524713d5aee18bd0fdcbe124e	80000
0x46a8ed072dce716b48a57ecd886da4dc50ecdcf5	80000
0xe8807c17144f691f93c69ebc323e42dac0461bd0	80000
0x4f07592e7796ca0db6aa93fa955ce637f6e879a5	80000
0x839b9e06285755b72328583ae4fda906d525b579	80000
0xced2ffaa1e1a4452b34540337b485c503d260af9	80000
0x631cbace4586ec501c588cbfef96fc1d0df14a03	80000
0x5c9d5d98df3e7a0c315cfe72e65f508ada660558	80000
0x22ae889228cbda7b02b731a43691263607746361	80000
0x25b84ffe5a5949be87ebd167e40cd531e6068a0a	80000
0xfbde5035d1d79dfd327726973916d8dff16218a7	80000
0xf188765e214d330f89be8bc481bf49a67ce4796b	80000
0xd619104559852b886137a063d19b23433e95b3cf	80000
0xaaae85fb9dafc2439bda26336a6ac2543ce491c9	80000
0xf128c5cb0f7144978f3d474378fedd2772924971	80000
0xeb56e2011774e9162967d2b0c9c87b51434004e7	80000
0x8382f1fcbd13bf35fa60ede0e4ef1cb48e77b461	80000
0x55899fd1140ec8e691b20649f282905203487911	80000
0xa95b02299ee427a001020dbe1e9e411ebf4f33fa	80000
0xdb02dd2cf147433635cd553636708968d7b64783	80000
0x45802d56b8ff9f1135379323cdf94eb5c95c58e3	80000
0x6bf517a7d49251faf0825f5332d9c0a5c43ae3f0	80000
0x711d742d18cd0b629fc29a64dfcd4d02274efd1f	80000
0xb74ee4285d76d07fee7935c7343ad59a2bad5331	80000
0x79b4452918380bdfc50ea43b8c0f3d1db76bfdfb	80000
0xee9910b5c447b82d287602b3000e7303f0ef829d	80000
0xd5f6030a57174c1730f538a06e4e8648a67c3e6c	80000
0xbe5412b92d3cf4bd5e23fe64771c8164d45c08eb	80000
0x8bb114486c8c129dec5e89cd66496925bbe5068d	80000
0x5fb00fa0f03b50ae3111f18afee2a483a49411bc	80000
0xf8fc64bd26f4ed5bf3d53641e121a92a18315fbc	80000
0xf59798eba270996733d5aa4f5ed5f0b2079bb9f3	80000
0x3d31de3141ad42f6dca076c91ad48ece21de7aad	80000
0x5bb498593075b327eb86b92b6f587adcc3297cdf	80000
0xec1bb138348d21ac1d126d819c6c2c8086226fb5	80000
0x6cddc172c295922b8189be5f448736bc323fc3e9	80000
0x2b743730c0f61ad3ea6fa89d61333954f49e641e	80000
0xab8ba6021f9d2b95d082c446a09a94b28341b0a3	80000
0x3c060aba6e7e5c7adf33e491e87f6c94720be768	80000
0x759a4fa4ed5e2b5255cad626712a45418d283498	80000
0x39453ce4e4d8a59c90a919696f9a71779e5e928e	80000
0x678cdddbdf9385273946194fff0887ac5c78f204	80000
0x3be11c6d43c0c878a64e930cb06c55abc1174746	80000
0xaef2ba23fdda0723e4d28f8e0415d137cf789265	80000
0xced3ea3f5a0038dde4d54415c60eab81c56d446a	80000
0x62e6e97df9e91c013ebe2368b9cfe365f23375f3	80000
0x19dc90da000acc9a72222197f2615a4c798f7bb8	80000
0xc527173fe89f869247e1fd9317abfc109cb751a7	80000
0xd980604a824125a356b889abfbd78250e6cea41b	80000
0xeeb7953a4a9f80829a68cf28d2ab49d931ca4ae1	80000
0x0959cd482ddd19d86b3508ae730983401e00b1f2	80000
0x0000008ab4dbbcb1c898b863faf8ceaf6099f937	80000
0x07dadde841ca7aca8b313ef7a1b1998ab567cfc5	80000
0x35ed3e91402274d246fa4c0fc9ad353d3452d463	80000
0xf0260e316cb3120724ad693138d1f3257e6a396d	80000
0x95ab99f85b2d31edb78885dc215d8bac2b0cd7a4	80000
0xf5d78d11e8920dd365f1ed17af00011b8c9617c1	80000
0xd0f9899ec83bf1cf915bf101d6e7949361151523	80000
0xb6062d0b8bcf70ccc8219eb1730c11985836229d	80000
0x00794b7b900165f452e2b02cc191e6b8b6f8f869	80000
0xc0dd1fec0a0692457cc6b53dd952c963b002a4b2	80000
0x9a678b81e235669e627833f153199ec87135fd8e	80000
0x5daf465a9ccf64deb146eeae9e7bd40d6761c986	80000
0x37b6b041c35c4b1e8597c277cb4e0296ab15261f	80000
0xccd54b64d4eab2e846c2682d502d481303e1b22a	80000
0x1a35c2b13eae4e6f1ffc8f45198bb3600f62970c	80000
0xdf03bcacff46c009290144b1d5937d96c6edc633	80000
0x81e84e8c12b69665ad389298ff6a2d1c4a5add24	80000
0x65780b00a249e89d9c47f7315c24e0857a547ebc	80000
0xf6998410a540c958c68cc433411d13f71193ab13	80000
0xa0a80d7e16c3dbd13f2ffb5547785a42bd8c9901	80000
0x085a493c448a3d01be20e20a49a6c662e18bb855	80000
0x7559e5668ae4c9fecd88694887b0c195d87ceed8	80000
0xbe30a6bcccd6059fd145946c26c163e149bf7dc9	80000
0xddc94bc4f885d9565a0ba6d3e0eb197049e116c5	80000
0x8eeceec8367efb3951b50c98ab3a846adf7d8a38	80000
0xa260518b7b209eb8d19f4bc18b0f2bbe5715cd2c	80000
0x0f31d9d4b49efbe239182246bd25722dd708f307	80000
0x2ce358d5841c7b1e2863eee06615759dbf180e99	80000
0x6f3b5d17c9256fdef9d59922983f5b61c1ef9f0f	80000
0xae45f9abccc4f763eeb950cadfc30d13e5bbd485	80000
0x9b8c21879cfc139e29d449959befff5b60c65f48	80000
0x34e4887748fe4da101edbbf082a5173f483d8493	80000
0x8e1fd9d5eac794555594b9b9f700bc37da6aeab1	80000
0x24a2c4ffb6e77470f7d2b89f25c907abdad032a6	80000
0x8a2b4216602250a0098658ac2762a94b95f2cd70	80000
0x500e58b4df99a87f962a240faf8987e01a543ee2	80000
0x5440cba4ae721ac4087c43c3ec3e024cc6e5f1c7	80000
0xfa183aa1fcbb62915e385da77dbf1201ebcfdfa1	80000
0xc1de0bf6a47cb82642232b368be3b9909584c9d9	80000
0x6f3705ee0218454e39732c1bdd2d12285c453059	80000
0xc5cf86bae0359dfeef6a14a6fe341c03e2ebcb00	80000
0x7175b7ad6df873962d449ab1be2f0f54b26606ad	80000
0x76aded9a3560fb0a6eaa459cecebc9f2ccc24e07	80000
0xf7174d52e402d88696d3703a11ee5d0594a2dd84	80000
0x147455aef7b2dbd34b4d3352c5c3330dfbd92afb	80000
0x7d311e3fff96fa4c5397880654fbfc2b71ac8847	80000
0xa6d9e9358100b6c64de0c8be8d86617e06fdb977	80000
0x7aa209de26a985042f77e76ead8bd2471f9b45de	80000
0xc08bdcda27f8013128e864c9dc8a128c62916930	80000
0x9da03fd22ecddedb00c4ab49e0f20aa83c5eca3a	80000
0x07188478c7b3e7ce94a45eb6dcfdc366d0700aa8	80000
0x02d04a733d7b007712e99779c5452705d6704dfe	80000
0xa7ab428e4adfc8414501d1b913a2f025821a667b	80000
0x85470bcf068270e1eb9e3041d1fa9888628c4722	80000
0xb8f05fd74d085e344f2a6a7050e91274b2fc4f37	80000
0xd884f36a5dbf06b46156df751df7598239deda31	80000
0xd55c9a80395cd7788642f546d6cca013c692af3a	80000
0x2cc0554c2fb73d498e646b32f6a239c2cf9678ff	80000
0x39958277e79ed16d6a0c3a903a203e510c404881	80000
0xa6b0e79bcaa5f9b84304bd29c0bf4f03c72e0505	80000
0x0277c2699dea4d0a5cc6a69ac2c83c4fabafe756	80000
0x24a561595fadaae1930bed52a50111cf22a7fbaf	80000
0xce71f20b98a432d74b0b9278b3e9769a94752222	80000
0xf70f23a4a421be4d9b58b21ef1a9d6d507c69506	80000
0x3b1ca29f05ae82067d0e5e698833331f7201139a	80000
0x3b96f28e3b45a19fa3e89232d0680e54872d3d58	80000
0x329f64f776aeda02f110ee5346ffe5fbc764ee68	80000
0xe75539d5f3fa03b1814a42d8d506edd33469d355	80000
0x9ef2f38d6ff096234f0f67979464824119be132d	80000
0x51ff33659e6bc2f47d8a858b13d0edd9de153c76	80000
0xb85577037593632637f86598aabdce8541d32303	80000
0x198fd1076093b32aaca8f7d155e307b087334b4c	80000
0x42e9b67f66581c4bd88ed74a95ea6179139ed029	80000
0x86afe49f4f3f042e226d0a6fc1281cb7b967d167	80000
0xd4114d68465206b284ca2f4382c913aa4739b489	80000
0xa40356383492b7f2c2750f31b50cc52f4f3b7283	80000
0xd70aadac3bf578f3507a951a3ce61ca5cbe1ee0f	80000
0x97f9a6f6163d3339e6cd119e8c56a4a4f270c29a	80000
0xe8c97650aa7e4525cc45851af5b2f5f81403432a	80000
0xb88760e7a0717542ca5bd8df7e01185c76b37d31	80000
0xcad9113b3fa178e17d0dd3fd79a8e0d5d0e4eab2	80000
0x90370a2ebb2b7efbc68ba9a4f84767f84d9b67b5	80000
0xc19054ad8844432f8f2d07e9e7848f73cee59395	80000
0x7a6a5fafb1d4fe7101df1b247ca5b84d64296521	80000
0x10ed072e3a69e0a1a75a854bdbb37a0f274c3d96	80000
0xc8d327145f84c41584db3d30b8d3c23feac3c30a	80000
0x99755ba954cc995bf213e2de2768834a1728ced0	80000
0x82e9e44fb856f728f201db8bfdda827a8142066a	80000
0x074cb9d9efbdd46f68fdd672dabbcb3758ec76a9	80000
0xc4b1c5382b45fc053d98c1e2e7f02ba6684a3d10	80000
0x72e2564ac8e3863ed6c1f43b5111072eba073b53	80000
0xb10269066bb12c54f549e5af00c19238cca1c6d0	80000
0x6d97f4c0ee15c9ef67193f434f6fd6f133a7d602	80000
0x6bd9e2d08b252851b00e312678f05cf6b7ebeb47	80000
0xb0166d43f7c71e287aeba66a09653b5beaa8efce	80000
0xe442efb2d5df3997c12fac3f1758add0ed54ea87	80000
0x88202aa64607e053b1a6c8efccb574e4e24cb343	80000
0xbab6333d7e84b0d5824e78c6cbda31d316b89bf6	80000
0xadf9234bc5d54165021948c5337d895470510035	80000
0xb677f5e503cc02b7a0d358cf6eab2196b3932709	80000
0x194836f25623ecdb11bc1bb56605eb943a5346b0	80000
0xbd91bbd641f57b8308b9c90606518da7f6d0cd98	80000
0x9df41679db01ad159f1282fc33af06f0746027e2	80000
0xbb879d87c2146ef957b345389d7f4d643b4a9a6b	80000
0x00de6160d18233f98970bbde40f285be40d94420	80000
0x7a47b9c0e31546ac68753232a8db39c632b653e0	80000
0x3dc7fc94e87feff1b846017f3bdc87d73154599d	80000
0x4862feb4340d12ff0510fc778317c36296229737	80000
0x419871e99fe7c380be1708331d0ad47809616e89	80000
0xe9b2e91bca6b62e4172d1c46faf5a80162c6c02c	80000
0x9b24a3191698ea9423471871138b2ac949628967	80000
0xd67e1bc0f227d8f098b9195e65c7d1f665b0bb00	80000
0xbdf434694031026ff8aa1e6093a8e378868a85b8	80000
0x89895ec3965dcba19608fd87d52c6f4e043b9e8f	80000
0x4f4ad5a58225858d35626520907479ec11f925d6	80000
0x96a008c46dcb3a15fad174ea08c4ccfe1ad6e91d	80000
0xc190e79072fb1c4d1e1a85faaa707c913cd85fcd	80000
0xd4049a28c28ca42f5b9168a2fa95b4fc83cbfd38	80000
0x5566f764a9a7c9739e8a28a0f40551775d26685b	80000
0x6150f243ec899c564a8a4983c1ad78b7c6d9bf8b	80000
0xfd399641c92f0e6bf5c898fdb29a91dcff0b5d4f	80000
0xbd32bec7c76d28aa054fc0c907d601b9263e22c7	80000
0x13c0895279fd377908a1b1c3f5da873e2191adde	80000
0x0daeb31aa19da88f54c8d6986465c65921d15edf	80000
0x62d2e60c0a97702486f9ea6bf27dd44fb4b28a6e	80000
0x3145958e809eb7140ebcaed41a4cfdd6d7b2e7e2	80000
0x532eb84e895aa35b20b42023545fed3fe9ebb73c	80000
0x8997bf1f6f7a8a35ecb541f4dec0d659fa4e494a	80000
0x07cce6f0a437c456eb081386ddc42ba37f69b3c3	80000
0x8606298b72bf47174952db48e1ce17584dfa6885	80000
0x8a9d49a6e9d037843560091fc280b9ff9819e462	80000
0x1af528aef85e27270051a880446155a6d9555ed3	80000
0x0000000fde87e367fa1e020819280d512b2cf8c4	80000
0x667ac63c76dda80c59ea6d6d65c6179946e917c7	80000
0x84e3e0f568ed68b4f6827fe797444b3d5b1fd8b5	80000
0x6da96c80ab514a4a3881eb6a63a232824f7decdb	80000
0x5759a943a107b6a7807b1ad73cac772348775f26	80000
0xab8a5a022c207f5b702c040d10f46d4ee4c6988b	80000
0xc9f5d507f8e16dc4c16dbba7b8aa8c5c7107ef12	80000
0xe68e062a3a89ad97b0fe83b277fb969c2b7f6e41	80000
0xb8fa4940bd7fa3735b106d1b3089854c49e27f41	80000
0xc26e31ee9e22f1972a25553d05a500b41d8a273a	80000
0x652b8bdb3db1490418a8a4dd363f4c740d63456a	80000
0x5a71314ebd65d2c6fdfcabe952b590ec1d81a00f	80000
0xb375de481227ab581236ae1c9861bcdbc99095fa	80000
0x9c12cc82de1032fa652f805ad4f62bcc66aacdeb	80000
0x89cd862397c24d84c11854ef8d273c89e475c349	80000
0xee5d41aea077e1e7b635eba8d3b3e6a43824ed55	80000
0xb92fc0a095e0442397671f60b591fbea1f77804d	80000
0x60da3ecbfca2c298a228b84e73198482350dcd9e	80000
0xfa0cdc245415224e1a75289de2be3483bff39706	80000
0x62332215aa8097dfe8f2e9c0f78f6e21e8dd162a	80000
0x42172f0ba70871f025ed6e0cd9815f13fd25c9c7	80000
0x502029384e24df5327c73b012272222c9cf90d07	80000
0x1011ed458c29c312f89a4a5529425337133367e1	80000
0x18fef5c0948ac4cba2d93295c2bdf5d05cdd2436	80000
0x27be3dab22d9c14228e40f6ad0fd0c15217a0bd8	80000
0xef8220cc233ab387de85958e09328d931ec3ecc9	80000
0x231cc1efb78421e742b313ce2f706cf574a82b78	80000
0x897f85aefcd32491c9afaf02b66f91485811e471	80000
0x4a76c47b3d573afa34ead5af7194e8e94c07ed2d	80000
0xc72041707b8b5ef55f31a1bb7c6c279aaa00a767	80000
0x9658d095406b17b45b3109c7b8b57cfa641a2e15	80000
0xa21641a0fe41c44a2f179fe48384743e2e935cdb	80000
0x3f8b4a3d4b3fa18d1591b3b4c9279439454c73b3	80000
0x9960c376fc6eb7af1be896c2ad6d434f9a6d97c6	80000
0xa2f315d85f140b9422648ef005a472b0b822c49c	80000
0xe8b8d3e4771980911ee8c4f17b9e9b5e20679055	80000
0xcf0b9c7a8b84e1b42c7dc2225459e2e9bc8ad63f	80000
0xd5f5e40a14a5343d56692197f54e95b2aed1642f	80000
0x77336e77b6f10d1a1531324015195204b45bfe52	80000
0xeb27d6c4712d58d9f1153daa68129b99db83ebde	80000
0xb2160e1a96aa827c93450b1f5bfd56de6f407cea	80000
0xadae1c297a019c912bc7fa5bdfcc2c5eca21d389	80000
0x82fe882a146defceafb5cdd0331083eae3ad841f	80000
0x54abb4e35b379c871b2319e92b3b3537896df263	80000
0x895f3ba37f1321846442d2cc40c293ddc4f1656d	80000
0x8e73bf7777357d1ddcad19a960a9d2870a89bd3d	80000
0x471020e7ed1f22b430c5fa8791cde8e4b18e46f0	80000
0xe87fbaaf37bf87ec93df6ac44a71e1c2c3633d1b	80000
0xd48d2c195eea72268ba866cc0cddf1d1d9ad29f5	80000
0x764686bd33e2f914702729bf7448811259567310	80000
0xafcb6d1a49f3db17313b140206b17bbbb90c5704	80000
0xf2c680bfd5b3c86acc8f23edb74572487723e808	80000
0x2aaf54e7e8106b86f6f333645367d8468ee7b964	80000
0x134013c4681b3efe126f6f24bf8652e648627964	80000
0x292263910678d70e60e7e392cc3f9fc9fefffe40	80000
0xd8b629e53c417773826041a0cd75db8168aa02a5	80000
0x8030f3f0230e48b74b8d9b38977ee0a4b29b023a	80000
0xb9d4e48e3b1b8c7bc9703846c1a911348dd0346e	80000
0xde3c6d50d5be731ea36de2251eea3db84f492e73	80000
0x81a11a24d7d2babd4bd3bfe26d9b12607f993fe3	80000
0xda6dee9123a97a6fcfc12d1085a0a4b245257bab	80000
0x7df75f6fd8b3a5ba3c94227bef157bb10899dcf3	80000
0xe2a15e6070294e35df8812d135a41f710b8ef0b0	80000
0x88ca7d86d0fcae6fa3d5c0459200a2710863d7c0	80000
0xe93ba9e6cf25a8758d0dafb8c67925ceec66f436	80000
0x9c75e574150f90d0f354fe644d723dfa0c354be5	80000
0x52f515cb82fa69c1700dec2cd148b4309c0da8ff	80000
0x9a9e8db3b495694d9555b5fd62598d8dd08c1550	80000
0xc411dfbcbea4a3473644804e82d97f0168a99b12	80000
0xd90fce342511bb0778dbd9fa5c7b3d47f6810a95	80000
0x9703c89e6a42450da993da399674bdb939d3291f	80000
0x13676b679b66ffd66a170c03ffe4107a3a386fec	80000
0x1fe1703485bc546b8f009073efb8cfa52fea8f3f	80000
0x66f6ac1e4c4c8ae7d84231451126f613bfe61d98	80000
0x4feb6d44f4c1953b8de33a521b841adb4ffca53d	80000
0x6dc3d341eef76a5959e8547fb49ade8a837cfd75	80000
0x340d13f587c7ba62a3438d89d3199086b5a906e5	80000
0x9b261e3bbf92106e1b4ef465fd7d8ec5f5ae1c2e	80000
0x4b6c946857569e26c9565652050a54ba0a72109e	80000
0x6d83027db37af51d0edac0d2749a564c60b1c46d	80000
0xc7faca4e56b9ca535f4c692fd27da8b75e5dce38	80000
0xd8bb6734b7676e307377a061a649ebc61b4b34b0	80000
0x8d0eb3633a733a5900bb66e913deec67b672de01	80000
0x1490c2bb4588b28486a838e106968c442cb8f551	80000
0x026f8c70a88f918e69e89855c3a56addbcb96488	80000
0xea45f55d6660af4a2f0c4aaeddabdacb8d2d5c3e	80000
0x3c3642a426fedb16997918d98f851e71054b1bf8	80000
0xbd9e4a6476ae6f06f5130c967cecf77a21a69a96	80000
0x24f23d39d6ff2464c4287c268965f2144a2b7937	80000
0x3c63cde07ccded336f8f0cdd5288fb62ff5c6261	80000
0x4ec39ecf6c11788eada00d563288d82b789d06a3	80000
0x71591cb2ebd775205f3216eebdfe05bc9a25265a	80000
0xead48876839c8ea03fe03921bbb1e597bbe2e5fd	80000
0xaf2879ed8ee76670a3eade1cda6a7303e356c38e	80000
0xe3ea5782f078b1907bc5b6f23bb89e2a947b2390	80000
0x292d67e5d1c1834bd86d2f0767b01c6f9249dda6	80000
0xdd6596c4d17c05a1cdb92750a0bbf69421be7a5e	80000
0x2bae7954766f0f6d21dbe008b53347a95066f4e5	80000
0x2e82e939578d89cedaa6ce75ab40a24f77d8f113	80000
0x465f4751f50bc483f4e2c6cbf800571849c5b430	80000
0x10e5fad0d95ff1abb99b3bf29bbad0304027283a	80000
0x5a27c4016a1ccbcfb55a24de25a33220eb45245f	80000
0x967806ef22669a5fbec25df0a0ac968637358321	80000
0x63e397710dec13f584599b8b098f92e72ca15252	80000
0xc67d98d01acb1f61d0854e5eef492e9af1caeb96	80000
0x921f3af23bf6ac7e142fbd7370411f7fb1601b1d	80000
0x675346dea5ec76a563b81a7516a7d02084a58fac	80000
0xf2cbb59e121ef500bb09d81d07dc7426b2556255	80000
0x1eb2d856c0c96a58f44676cd7ae26035dab69605	80000
0xba2f93a763f3c783b12d4d61b52abdc62de02572	80000
0x261a0fe04595bc4d1987658cc9011f2499120ce5	80000
0x71e01a6a1bb8cde6309f9d9aef6a7ae26ffc9aee	80000
0xfb8b1509c4c1b477f5edb3624084779b6521674b	80000
0x1b5f54dea4dc64f795148489dd019885325b89b4	80000
0x62d9e5f4d8117c30f6345eca298ef5730a189591	80000
0x1cdf13ee244fc6d3166445b42b0c9cec67fe6ac0	80000
0x02340173884180a1de9a3acb2f21bc67d75a9646	80000
0x749b35116fdecdd4cc264a40b9dd0aa5df58929f	80000
0xff7a5fd564be11df6d42ca5d3c93622f2c4f7984	80000
0x3ef44e4bd2f9412ee2977ff6cf019509145c7605	80000
0x2d297589ad8cc1ef9c313323a96f2ace67cc5e4c	80000
0xfc755e1fc3e811eb16f07b536ab39f582325e635	80000
0xc99ae5adb25f0f86ebf1ad5c87ce784528bf2cc7	80000
0x9eb18fa165ae500385d14ba15bbcbc53bcae83bf	80000
0x676f837dcf051ef6ff805e58eb4eee23452099a9	80000
0x254299cf20ba384b55c5ef832ce75dcd0429c871	80000
0x2c1a74debc7f797972edbda51554be887594008f	80000
0x9803f62ad59959e6227100ec6f349a30b98d8fd5	80000
0xda9704c77727e0a65740584c7ccbc984fa7ddeee	80000
0x337c233e83330afe9d5794476f779d26866826ea	80000
0x16da62507161c2df2b267366dce3fdc0b60afd67	80000
0x00932816d6d04a05e6a38c3fb1c0dc4625ccf8c0	80000
0x09994e0193f901e37d9eaf534a81c05679effc3a	80000
0xd5e63b9443e7d35f851e79c45b0264b59f745eb0	80000
0x8196162e8fe17ef0598c2eb2c173345dee186f21	80000
0x4718369122eaec7e038f53ed71b6e1ca5aa41b01	80000
0x02a0f24aae83a3291cc6e0cec6c73eb2d5f03db3	80000
0x32845c92905cb19f872e360d3d87477dc52ea7e5	80000
0x80741a64e82e98ba8be3ed2e52e63fc1d339d2f7	80000
0xccd99a566090515f8f7bf327fac177dd6982b92e	80000
0x853452dd53147aa0c442624a9a2dddd1a74173c2	80000
0xdc05b4bb1f639569fc58634e68437d16a5388f63	80000
0x8e1bb9657e205d5c8c9e249413bd3f7624668972	80000
0xe319d51ad3f1f7d284c2fec836d4d130ef137ab7	80000
0xb3b66a0bc0ef38bd776c2f848e7c6da62ddb2356	80000
0x444e911b90b073e5acedbbb27a33cbe8d25df21a	80000
0xd878676f1e0dd8b04dc93a42ea8b334817c2b54e	80000
0x0ad4c97d12c00ff253cff5be1075ec305524943d	80000
0x575f77093bca174187d5924b11b5cceab264d698	80000
0x3cbac2f81b6d2aed9448ef952d1902160380122c	80000
0xc7997e8ef3f91e27cda6c0fafcc699e4aef00645	80000
0xebaaedd7f1c37d6cdc4f37a06aa3c790d912d040	80000
0xade2a5ee7ad1c2ae29f21e929411309649c16f1a	80000
0x9600be4e6b43d235a26b392997351c8e0834d49e	80000
0x821cfc56c9333335484136211c76740b35ae2924	80000
0x95bb0a86ef6d0ce92500ab456ab5cd59c7eec5bd	80000
0x1000aa994acc1122d25cf8f3cee4780d0f9210b5	80000
0x9e66f4abb39ca6a72e5290f73ca9ed05934eb717	80000
0x0cac8c78730b7a0f63d2c5912148b91a7673cef1	80000
0x34e887ca6e418ecfbf2e59a1dc666b639b78e54b	80000
0x588b62a2c69dd08e41ca14c0325c2e9076c2af64	80000
0x1f31959dee51359ea01d3269acfd480f1746ec53	80000
0x13820815a2326ce587bffb12ef891a95c434bda2	80000
0x86966ade9f0cde402ae8f774c3a7a5423beeab89	80000
0xf61b3849f50287f8c7a8dd5f33b137ee747c3475	80000
0x6d9514b952417be7620039a6c27ae4dc91dd0b23	80000
0x5509628bdf77edcfd33e97fe9fc7a272c4dc8156	80000
0x20fb4261d1a3475591761b3691f4c21749a0af71	80000
0x47c3ec861cedb867de645c77754e74e89a56b044	80000
0x6a705ea0b851a4a7589f2186f03cdeef2f0518db	80000
0x0ebf89a033ac145153a053af60196562b92a5dba	80000
0x196efd177571ad0bf7e84938a060315de04562e2	80000
0x98fe481d1d246d4d43c9ddb60e7af6481071411f	80000
0x2e566911a1838bd8a60943fbacb0c36d1f635fd1	80000
0x94a7884dacb0ab63c5caf6c1bff7b6f62b79b2e7	80000
0x37a48a4a9f7ada3cd95684d2e790d85f36b1640a	80000
0xd266d61ac22c2a2ac2dd832e79c14ea152c998d6	80000
0x5b8235604885b9fb34e6dde5d8b47fb92c0371a9	80000
0x99df0dcc103daafb733149dec6b57f1d82a0fb82	80000
0xc055afd03398b250ee0ac57f62179cde514e7066	80000
0xe4c867d579caad7d921124a020eb1a81613a4cce	80000
0xb4650ead39f23ec9f15e98fa922fabfd2e8472dd	80000
0x968bd3ee99d68c77334e73f6a9d46e6f7934420f	80000
0xd7c50b02a7dd858392092b2a86f033d4cdb26b30	80000
0xac5beaf3d10c63c8ed8f10222a5a1b07a91cf9ad	80000
0xc01aacdfcae549f1f9053225aab72bb409ee939b	80000
0xd64ce7ddaa9e42c715ed6bf0c976416e14dea7bf	80000
0x2c787da2c1565121d6151b565146b8e3e5831246	80000
0xc436a76fdc7d5e8548bb2e9ec3d3cccc1fd86481	80000
0x3de52bc8f42c9917001003f7c06d6e769aeb6301	80000
0xb9b3f8611dc2d7c8f42e4563b1fe4be7baf57c5c	80000
0x15fa64cf339562847113e0caa0d55f02c1e183bf	80000
0xa78316b519702051c9b9853abeae6a3e90efb7f7	80000
0x35d19023719591c88f1b38557b366117e5b82da9	80000
0x42ea6b9af372f9df4097e544795b5003094d89a1	80000
0x3409e1e2b135f2e454c4a735ed631e144dd47f04	80000
0x1aa075e5027af69879a17564dbf868b842eb82e7	80000
0xa534e10a58c6618013fa5a4c80b2ef159701f125	80000
0x6f79113165951e1a8f8ac19e8a8067187d4fadfb	80000
0x963856eb961529dfad6c1918d46c0f01af22a751	80000
0xc65823e9dc2ab2e34bb59fdce935d336d7dfff3f	80000
0xec07bb05161af0b10a9c7986c12bb4ad8614b4a0	80000
0x3f79c9f8aedca0b3a66c3bcf717073ce563dab89	80000
0x4197a0baf914bbb96c5eda6aa28effa37fd384e0	80000
0xcee29ebc5d2212dc3c9f7dc3b98401b74cb77a14	80000
0xed9eea3c9121400373d81223847aa79b265a6426	80000
0x0da045df5429c6494169d39a38da04591da97291	80000
0x6d98b316901b75876233dd25fb48a49318527aff	80000
0x91e39b8a3a822c3d55f4addf51545a85e319bd20	80000
0xd29a20ad156085aadb2b3b73a7ba86e7dccd7e0e	80000
0xf8a9a92b51db04a5c3f77c4a2bf1545aca965fe4	80000
0x9fdec147a319a58168fc6561f0e8daf8b8ba1480	80000
0xf881ac32d95054524aaf0baf5b6812f6854ec92c	80000
0x5fb2d386801bfe6f7a1b23148d32bed0a7dd1986	80000
0xde312c09d120f1efddfde56ff7886cbdbfb14be4	80000
0xd9340bd540ba148c0e65380faadd735f41000000	80000
0xfe62e09d96ee4e35cba66b795198b1e2645aa37d	80000
0x2838cdbb6aca1d91c7e21d981b66f3ca39c94c4a	80000
0x30f21d65b38ae778fb3094fe5485af49e578c0ac	80000
0x65a837220bddc55b67010adec2125e136ed19444	80000
0x623e28f60a061e1cf4af629d7a3f0b9a06bbce19	80000
0x1822946a4f1a625044d93a468db6db756d4f89ff	80000
0x8afea1222b9837e18177be9f271b922e0cec0c9a	80000
0x8466f215133f31bccb68d049b7b8384faf878347	80000
0x92f5742288cb330b68cb2120b7f06f7b422e4a26	80000
0xf71a73879e401875e72b7c902de7a004cdfbac13	80000
0xc3109c1425c4583320973d361045b003b563c872	80000
0xf66f2223d7a87e3cff9c984b9ac54e1eb3695c78	80000
0xb86b79e80491ef89510c190088a467c938a2d9a0	80000
0xf363e35a939d21c7271a35ebfa2eddca9a1a7d0d	80000
0x369bfdf8e555bbba9c77747aa1f78b223855f95a	80000
0xa2b40e1cc6ba02c980e39534f5ce43fd20d8a755	80000
0x0e58577c070d71211a06216d35ac6315b98b9fc1	80000
0x1bd912523e825820a63f8a970a95789f725c413a	80000
0x1802c28a0be3910d357cafa94a455cb594d0986d	80000
0x36243ade16d74eedbb3f2b8b2ecf286f538ef5fd	80000
0x83620eb2ac2c1cef6b1bdcf03f07e2a6c3a558cf	80000
0x6408088fed98ccbde71ebd127c60199a2c8982db	80000
0xacc60062e20d727d6f9265bec88ab84282bb14e0	80000
0xd2a7573830aca03a249caf7f5f430d77b35ee343	80000
0x5c1226206dd498e4bf55441768f7c1fad42abc68	80000
0xd485c3093e9bc7b08be0d0cd4352b69a46f38a73	80000
0xa51a9927b05a5a76209a482ac383895c8732665e	80000
0x17f420fe8856dc88dbf7d4b976f837e7cfcf2882	80000
0x755f1f21d2b3d9dd9615caeda89593c7433b2044	80000
0xa64d7a2f3fe1118f2ee178f2bf8cc5292b6f3b12	80000
0xaf42165ba296017dcb18bd32a93707d61eb923b7	80000
0x4cd3b617bd62c5c8500a9da5a2c1411faa0499bb	80000
0x3672d3c7ff90dcb3e26c379a58fb923c377d1b8e	80000
0x709af9aa466f3490adfdf2c9356eaad22e5b4a8d	80000
0x110f1db5fc2feec56d528fd0c4358afa0cc2509f	80000
0x0715d53d7d8db0e60e4c4d30c336c4e72ed96455	80000
0x932f583a31b5712b03e87f4c97b8550cba6df613	80000
0x5a0f7525b059e9c342666106b27115b1fe279d66	80000
0x470248f1831ed07ffb7567321f702139160adadd	80000
0x898c7da344d2af4c364c9430ab5ffd0d71e5181d	80000
0x5863f552cc665b64236d274f1b36d5d482073188	80000
0xdcd8864fdb5d5e2848be7f043e88963bb160703e	80000
0xf427349211456fd8e8a47964c9e1b90dd71dbe8f	80000
0xacdf5adaa91f553f525d04f91bd498e2b0454d18	80000
0x1be1ee894713893ec44b5c1ea6591784149c01f0	80000
0xe66fde33dcc7a0b0c9b4152e9383178a4c09c62e	80000
0x377629a41c1fbcca57899ccba1ba5e0907ce89ed	80000
0x5c0a981dbed24a26eb17fdc211597df2cf563116	80000
0x0a8b102c3fb9b3b412191661d472d0460534fbea	80000
0x98645a231486543b88912169ec6acefddf9ed4b3	80000
0xaeb32628fbd8b8424c8ca5a67ce91a41fcf81833	80000
0xeabb275172ef6aeb8e0bc97bc480f888c3a186aa	80000
0x7da491eb29342e3b85a19dbbf69c40994b89f48e	80000
0x1339aa42317e18a1c2215d79ed821f51ab56efd4	80000
0xfcfd69727e834cb5365f7bcfff2ffa7e2318b4fb	80000
0x2402c0e792fbf597d17a962f1963b8d0ec99b989	80000
0x1d25ddfa910b7717fb531eca6026cd83cee2c902	80000
0x5d25f2775a17a110b2ee3c9acd21912619911250	80000
0x20ef9cf3ff810d297d60504e9c96180364d77c63	80000
0x20bb321353080a7c93d3e957c2fd5e6804241b67	80000
0xdfadf3fd5143a433730e3ec60b546a85357d41d1	80000
0x3d4c1383fda6119c5213e79638a389f5d96b9f5f	80000
0x0806a4bb6034157477b571369b87105391dd1687	80000
0xeb3baf1781ed8f3b79611e7eca6b8649ec51b5ec	80000
0xbf5157cd2a3df348da78453239b3c2ef121efdab	80000
0xd2e2aace5cb763dd4e1f3ecdcf12241cd4899c29	80000
0xe403043a0f9c7b9f315cf145166eb747d9790e77	80000
0x9dab4e574bb642d6a7c52928aefe6aa5157ddbe9	80000
0x2a63f54123abe7f19878e1bff96b218c2482346b	80000
0xf51d0c3d466b1b0a763031970276047b4a9338e5	80000
0x6bb030922f22fed1038951bcaf6ea40983b49ab2	80000
0x5fe9e5e8df5274015acc7184d611a76706a90571	80000
0xfc3a6afcca71e5f3a72da02fef78d74cceb78d94	80000
0x719911dce2e792b93d74370c188f0e4aec0860ec	80000
0xc351b96bb7f5fd5cda2b817d39a34343bb738ab7	80000
0xfb61dbb9cc1b1ccf0d014b47e976e434d5694197	80000
0x80b603bce2d8cc3acb43b6692514b463a16fb425	80000
0xf2838983ecc520a31ca79165c594a45ff4299533	80000
0xdef1ca05c791aca66df6ed41e013c767dddd8dcf	80000
0x6e7f1f3e28668f57166389b1758c33a3ca9a49b1	80000
0x996d749a61c7f56f560f1abe1fc05ed64cc05f75	80000
0xae438b7454bd0b5750c822b7aad8dbadfb93bbe2	80000
0x191f140ebb8abd86e57aea2101d02bf872dd96f5	80000
0x9815256bf09ae45071392f43bb7f5f793c26e135	80000
0xc22ef72a397510e07a88fab958af9e30037f06aa	80000
0xaa7322555ef1b4a86b4d861cfc6c41ef98d8e850	80000
0xf6bb1c7f8e7f020c776671bf1bb8082b65024cea	80000
0x007d74f931d91b994ea11311b11b7c046fe2e719	80000
0x0368ac7e7f712c2b2cc0fb3729553ba0335a4cb9	80000
0x03a2a1ffa1f132118c2888ccfd9e39bfa2453e08	80000
0x04c4c7a1caa3e965b11c53c2d1af987f9a1d7efe	80000
0x04dc57cbb3f2ba5fe730f380af9f1c757d7ee357	80000
0x053934559bf882ab1582fccb50650c384c38141d	80000
0x059c8484d99eb132923d5ebc1e29cbab2132ab79	80000
0x0733c847fdaeba36af14a8e99fe4b3f3296ed2dd	80000
0x079a6b2324b98cd5b4a003562346b622ce602c7b	80000
0x07d5a3a79771bd99b67cda30c5a5bb7684e0c5ef	80000
0x07df8db9acd6657ebe841cead15549fd0712e011	80000
0x08b4dd5feb5bef8028f1a9d16670184174b01f97	80000
0x09dae1445ea57c117467fd075c56664bb24853c6	80000
0x0b1b815d3ebab7351551610d8219feb86c877264	80000
0x0b22910e2b194709736d7dfc99ee1e8c00e2d60c	80000
0x0bfb1b54156f44ef65a0bc5776b2e3d3c54ca252	80000
0x0c428e9232e30436d69d32ab6a9491c9e058af48	80000
0x0c9420cfe79ca74aef7c87b2c9423eadaf7b3490	80000
0x0c9f08a728d3be1ff4371908ed7c24f1f179615b	80000
0x0ce427721254aee6cbe8d692c4d8b90bf73f4be5	80000
0x0f9f99c219d501a1aac3d4d1cfed5205602075d6	80000
0x0fa837970fc4c4a3fdb49d40b3566b3038575967	80000
0x1064bc5406bc61951cb62829e71eb966a012799e	80000
0x109427291e1bcfa21fe33a38695f5f612159532a	80000
0x10e64e73bad4c19d96fcc827bbcd8ecdcee90a94	80000
0x117525741b9404a01adec81668ba263eb6f4b46a	80000
0x1176a129938f564b52d882ed7935744ed0f32a94	80000
0x124a2239841a19952b97e04a5105e1da45ca0283	80000
0x14620d1ceae27f22813f93bf62cbda4b86c2667f	80000
0x14c6ca241823f161ac3ea72a22b727ab69066959	80000
0x1528ce73a56eccc6f2a82b90435d9841fa0b3adf	80000
0x15863ef4965b455846a4a4c3768c15a38aead25c	80000
0x16d010170fb02dae1102aab48a969e16180a862e	80000
0x181b8e10c8ffe94984964904908c312ab3cf380b	80000
0x18942886ea77a54abb19a992b057900310a38e0e	80000
0x18a08fc3bda99b916bac63cb251ec2e53012f469	80000
0x191ae009e4ef76044521ad7e072346d157460839	80000
0x19783e559645c74f41dc5178e7f870d9112c7083	80000
0x19b8df746454346384d647bad7f15bf56709d7a8	80000
0x1aee8bd4eb780654bf507e7caa3c70656edfef43	80000
0x1b05150d94a9caf37c2664ab50674ef08de3d626	80000
0x1bebb1f418201ba02abe70614e1ebbc74551e040	80000
0x1bf8ba061664339baf1e1d016d8f6cea9455f404	80000
0x1ca9689e9ed5391a4be4363ea3c1145003b31628	80000
0x1d939d6ee34ced5408dcc3523fc2fe23d8aca573	80000
0x1dd519f3432be10b13cb22332e48c2675a70e03b	80000
0x1e6c02d4f25dff92b8355abbac1b9522e0a7e8e9	80000
0x1e8017953f2d911ceca9192bf69364af047b9b11	80000
0x1f2f9daecbdda3e62204ed999e74d0fc5ef7155f	80000
0x1fd41cb33869a024c613f8f92ee25f10cd82c543	80000
0x203a27cd7c7f8e5ecadf591c10be77e7b9ff44c1	80000
0x211722e2911ec90a69a9391289c9049ecd1197cf	80000
0x23840cd54bc3420e9c88be3c4e517238e11cf6b4	80000
0x24beb8ce2b3e78efe503e3ecfa4875e63d672497	80000
0x25789c5c843c54a774bd1a958d6b347f90bfbeb0	80000
0x267a10cea805241ad139270c435a1d78146283c2	80000
0x27704428fe598e9bee4739d00fbd8e2b48f2a68a	80000
0x287bb6abc3e933cb1d60c380d0942581524b5e29	80000
0x295d82f3560826d36653b3735cfdfb6ba314efa1	80000
0x29d7945cf37f0a152847a2493185d17676f2ec74	80000
0x29f5e7243e1c3ce9fb00fbe7393f6ecf5faa78b4	80000
0x2ef1b2567aa33e1ba07f4fbd1a297223df28bafa	80000
0x3076e4841a9cde8e4be5ef6af6345488fb033209	80000
0x32018e6222c32ceefd1e350f175e1c772ed5d9fa	80000
0x32979dfd3515d46ad00418b0b1e5a2696c89d65e	80000
0x330c9a875ebe97094bfe6df04e57dab870c80d50	80000
0x351f6d2907d9268ea4969b254a8dedc2f560548e	80000
0x35ad69e48118b5066dc225bd73d85cbb4d5abc8e	80000
0x37c086aace5e23f88486b9ad773ba737498f2114	80000
0x382a97ee9a686e1c19c6e266a0944d6938069c8c	80000
0x3aa98575393538de7085d96b73bc024a2d954491	80000
0x3b7c61547377d09257641457526d01722deb3674	80000
0x3cd60aa0f529537ee26df66081572b7b8ceb9539	80000
0x3dc1f9b188ba365ef5d9d6393fabbe4e6d8b17e7	80000
0x3e0596eb7c4b5b025d00d8ef112ca5b0f2ec741f	80000
0x3e57efef507b4db7acfa2ee79ceca6b19e18d106	80000
0x3f3c1633610754c930c9eae2e75e54f9b07d07c8	80000
0x3fccd4fbd7df78fad189d6664eb0ad5428c0255f	80000
0x3fe643095a759ebfa6186617e341b698c40c5233	80000
0x405f8493f1dc3a0f1ce15266576cdeba7e4ddf58	80000
0x4126829d9f538cb1f4b71abcfd1ef3441e7567f5	80000
0x41d4a6c7daa2a10232c7c8b94c3407b55c7f09ee	80000
0x41d87736ce612bbe3aa7587a3ad5f384699db256	80000
0x421d3eed2e888ab57774d7434fa21e0d01bbef47	80000
0x428aa13678221b079860be6d8b57e26f74ede18d	80000
0x449264391e8b8f0c4b60b323f8c3afede9f110a1	80000
0x449f21752e580e82086eb27c830f04293199688f	80000
0x44d60d6246472ed1abfcee04fa52c26b68a0a3fa	80000
0x45f1e7eee9dc2dba7d85f2ec146632dc8db8ce85	80000
0x4631cdabf52a6ca6074502a4c0ba199f946f534f	80000
0x46d9c398d23a9b8a3d45621fda18621b8e6baa2d	80000
0x46da31ec82e19d7c3cb8ad676d8114fe627ef76a	80000
0x479705e8d3dd43db2b5d0a0133d6ba650aca0abc	80000
0x482b623b11cbd06bf190cfd48eec776d0dd29031	80000
0x4890a3713b555a8841d0d0380bcbcf32e6a142c6	80000
0x48f3fca580a0d2100a5dd6e72f22c0ac3568a8fe	80000
0x49e0b86480cb2c4cad0922c99e4b9598cfa229f4	80000
0x4b161f1ab0b7b6cd096f205655309517d2a15776	80000
0x4d2a37c99a5fe4656e066fa8c0248abac6560d90	80000
0x4d3641d0379cbc8e58683c345acc83442e96a8ba	80000
0x4d6bc2b201363c3843e1e03b4682c77002a18997	80000
0x4e261b9e57690c17b9839fa6453f1c6421d8a3fa	80000
0x513aedace44cc9a0724ca276a8ceeee950903576	80000
0x51706a0b39f154afb78c2cbd3f8074223ae99b90	80000
0x52063875979488ed4d9b30d758c879077dfb6ec8	80000
0x52209c59f3dd154087249c57150bf3de9f830edd	80000
0x52c380afc541f00007e97c68583e0145ae3e6f77	80000
0x52fd6cba7c003b659985014c83477e8bd8e2c610	80000
0x531dbe62658b4240e0fe602b2006bcbed10b256b	80000
0x541de0606257132e4ca0e34439fcb6675ce2857b	80000
0x5432b00a564dfd70fbd497dfccf532cd45ba39b5	80000
0x54ff6737a77b6f773e3464b3cfeef531d57b6071	80000
0x5673274e81c277955790e43046b113ee2bb7769a	80000
0x568be1fe40f003f1dbca91be23919b48edaf9512	80000
0x56bc4ffb176cea9d2590f99bb128a4fd337f5c51	80000
0x580bb58a07e0d13b449a055e5b240d20fd7e8ed1	80000
0x58fa2b7b5294c2cfffef9affd18f2d4bae5ac4e2	80000
0x590b079f0a5a9471db16037f74ee1fb072fe9b46	80000
0x5917203d5f77fc8100177de85f5192281c7836ec	80000
0x5b9fc29032b2285b6b12829290b24c9d4852776e	80000
0x5db4e03b1c6d8e380239182d3ff631cdd5506f30	80000
0x5e7b871162dd64929ddb6f728825d82131ea682c	80000
0x5f147c1a52d7694c26aad17937edbb8e480562ec	80000
0x5fefebf5148f65e99cf118ffa527aa4caba202a6	80000
0x606d2c436a07be40c276a6176bb1376c34e49ee9	80000
0x60d85c074acddfa29d825c2a86d165e7d3f46d72	80000
0x61e2963fa8fd9dfa04f6b78a4a74f3b6d28729f8	80000
0x6322746a304e741831368c35439b737ebf73683d	80000
0x64fa6fd657e2584250c67cdcf77190f3f80c043c	80000
0x68aaa77876a5627e56959e1ebce132e66addf82e	80000
0x6a56c33143a3d32f34c2bdf06b5618089ad97973	80000
0x6ab652de4fc58fc9dc7def7ce459e1f27334d6f0	80000
0x6c23da747357852009d428ae1212a07ed6da437d	80000
0x6c660dcb59d875354a72b8da032f3e712586f63d	80000
0x6ca0cfa1f6fc28b941a3a888f29f1ba72d5cd3d9	80000
0x6cae672438450b3e7092105102ebc46202d06e69	80000
0x6d66ffb2d849826bae9414c498f16321c3ee4a57	80000
0x6e00ea21b223f3dee3282f10c02d683e270ee795	80000
0x6e43001706bbacc1d921a5c7517c34d2fdec64a1	80000
0x6f10073d9154967b209f5c1cf578e42cd7a51b70	80000
0x71b2a5a22c8e584dc45026c4a5991ab9e1ccfb98	80000
0x721a85358fb5b575a598347e7127f398addad5d2	80000
0x72b378103929d2412ee63323a152acf47380a4bf	80000
0x731235f260105a8fbd986282e9121f28f395c45f	80000
0x740b025d593a8e4243a155a16fecb94698d54c5e	80000
0x743d4c9c76350442475552aeac8b74b1a50f5c2b	80000
0x75c155eb3b1a6a329e0fd01931e2c8a61f83da34	80000
0x77d75f6b3d30e190c9398f677b26d8eabdd47c1c	80000
0x781de7b70264f2efd3b81c83aa49411de7897be6	80000
0x7a166f2fe92551d6058777367634ac0d471c9c80	80000
0x7a5eecbef4dec2533d81a7535a9c57b74ef1ebd1	80000
0x7b0957cf70573783a05c34e3325db83faf5a5578	80000
0x7b46012fa81c5338d83f9f4a8c67c7fd36a3a8fc	80000
0x7b977f3adf6d52aa77af827ebffa52f6b92357b8	80000
0x7be13e330361e03b218d65052606b64fc3a2586a	80000
0x7d0ac7a2a5a347de7a11e466905a2a3783729e80	80000
0x7d80ddc84df0df51d4e7a97564d225d2eb722a9b	80000
0x7e90dbcf6b9e446e515c096d0bb5be89b8001fe7	80000
0x8042d623dec5f4a9b974f6c0822fdb8489ceb8fd	80000
0x810c3243032f3ac57e9351812f116c3ee6953c18	80000
0x81570498cb60af60ce8ec1937c218098f54ce300	80000
0x842953962b59e7527f225d44d72a4c8149890c77	80000
0x844f2b3b0b4b82d6b1009f8223873196d1ace07d	80000
0x8490e28ada67984edb1e4b5ca3d2b4c525330a86	80000
0x85ce1cf95266376ba219091fc0e591f38634742b	80000
0x86d1fc14da22ccb7da9e587cd14e59a7aa8b31bb	80000
0x8717c4833ca8d154a440e516dc5eb38053ab1db2	80000
0x87e69ace15e038a49062286510feea13f9d895c6	80000
0x8ae952c17079a508781ed0e754750c665971bb29	80000
0x8bd1a0a80eed9ca460e540a995f8f85886a0678d	80000
0x8c5f17b5b7d2e10ebe6671c4f210a38faa0ba12a	80000
0x8cb42624b5d6a8b356fd92b682e35bd97a1b45f7	80000
0x8cf1e4e5a83219a043ed683772009c06d5ef357d	80000
0x8e0253f79269dc52a23e9c0095d44d5339ad3551	80000
0x8ebd33695ae65efb450929d4d50c56678cd598e6	80000
0x8f58261a854aa51b47a7e1ef692cfef58112930c	80000
0x906b472fa7f93b4df40ba93c9ae2530568501b6c	80000
0x9293445c17b1958c2021e4225ec828faebee54d9	80000
0x9447bb342ec6de70fee68b8cdbccf5dda35c2004	80000
0x94977e407466708a8b23a56903012645ac2dad03	80000
0x94f57f83b70ef0058a1d6145d7588f82b01dd63d	80000
0x95c26770ffd65108f268659656d8607214f8ffaf	80000
0x95f1c59fea38819b6ab04778be514fd509283bc5	80000
0x96925b47180b047209a378aea77e05479b6c0f00	80000
0x97bbf2033ffbf3d41c518b97bf9de38d3efa8c4e	80000
0x97d1ed987a1a652d9d5bb25b0e76d3d249f2a7d2	80000
0x97ededc57b2ca49b0ae9d9da5f6615f64f000e5b	80000
0x987df219564cd274d32b4b442ffad1a185fc0509	80000
0x989a532b9be7848a696f4ad5fea0570edb5c4a53	80000
0x98d14f914a5c738b0f559570d00da6b1b77f4382	80000
0x9cf484c9fa22d54abd4c33cb01cb18c3a9ecbb7c	80000
0x9d3185818242217671dbe664a7030027042d4a56	80000
0x9d528016861d8697b0bb60664b3f9f1e8d09de55	80000
0x9d95ec951cf049f100aee0a29d4a3944612fccc3	80000
0x9da3d8a8585154df5e8ce4518592a48a18d96e8b	80000
0x9df92bd4a7191fabf7b2afdc23589360356b6993	80000
0x9e48a887310423ed9c0aac0ecd9d102eb189ac22	80000
0x9ea2c497218ae7a4c1a6e3d54fd12c1efbaa8352	80000
0x9fa7d5fd0e2109c12af56e72407dfafa0f13a6ff	80000
0x9ff0f11c7933bd514cd3a009d15599c1441cc734	80000
0xa06adaa9c5686431ae8a8cf76ac382baa9ad1fd1	80000
0xa1a0a5495648c99e7335b87fa4adb35a2f7e8beb	80000
0xa1a5a1ea7a34c67ceea5f954521f1c4b39c90ba4	80000
0xa2250a6cdae5c3bef5efa1c95866a17937cb05fb	80000
0xa27cdc1b050246e0ed21d4be4781daa48d4ca1e4	80000
0xa3d29b58005b978cc663c6ecc47ff18bd96b1580	80000
0xa3f542a971ce456e469ba447c2859cec210ee13a	80000
0xa41638a6fb39a74a72f07d48ae126a3e66b22219	80000
0xa4c869349a51c529682f406100b96a020ae470ce	80000
0xa58a6f85ca02bebbfc17af0b9a3d4cb46ae71017	80000
0xa7b5ca022774bd02842932e4358ddcbea0ccaade	80000
0xa7bb742215dad0b640585586f095f0afe22d796f	80000
0xa979a2d387039d0aa5cab739f711fcefd9c76b7c	80000
0xa985ece5f6468c2857faa62a23e9551d342f8813	80000
0xa9be76b983243811944c06df3b161217482e36f9	80000
0xaa0a01f798eb28f618173697f560a0fd50c8ddf1	80000
0xaa3795ef507a73b93d061580adaa3f082938bf24	80000
0xaa72d043b5664f154d4cc3e85e058578af96d24c	80000
0xab6d944fb5c95e93309480fb46b06f500a1e3745	80000
0xab8e1516a29d448c043f1ff4e80e2511a106d1c9	80000
0xabcaf8787ab500b1f0f9f74302474692994ff359	80000
0xacaffaee0f1f9a23ba2dbb01f5ce76cb6444f171	80000
0xad2f724bbe6b00850967d5a48d0505b6615c0098	80000
0xad49ba6ce714e0006c21fbd3f18b70cc65a03fe7	80000
0xad4c59c483363e350ae781f7b4aea4707a860c6d	80000
0xad5116d1f9f3d2816935b0df95a58750745eb308	80000
0xadc3d345a52333c924ed34a4f72f1a2088eb3527	80000
0xae465c6f8cb26717bf1d6fbf818b2cdf748e00e3	80000
0xae761ae72019b6b236b0ddb1566bfddca817f3ff	80000
0xaebb1ac559b767b848ea9645e86dfc99c8d0a69a	80000
0xaed5849a803adb369a252b91565460cef78017ff	80000
0xaf69e89e240ab90ea9320b901a2b444a87fae180	80000
0xb0ae827e7a8c4b4eb71d4119c32a250333769364	80000
0xb0b016c962b3068ff518d0c94cb7b1c313cf4541	80000
0xb0f8303f446cac3142393104f3ef567ae1d44fc4	80000
0xb1324be64e1c54f624408b9caa88e127ad52a0c3	80000
0xb14ee94dc9bfddb8291d7ae8f9e93a95bec3201b	80000
0xb1d1643b75ad1ded8b5d917d1d65a1dba5fb6d6e	80000
0xb353d8d3c35c0708acb520ea398786458a926c87	80000
0xb6dd825c04754b877cbec29519097286ed819abf	80000
0xb77e394689227e65b64fd240aa981825555716a2	80000
0xb8ea1a8c3c1c1ad934070dd9ada8c0fe338bc340	80000
0xb95c88262f6632e4b7c94432b6a360c19e642e10	80000
0xbae1b7bac442287740a7d912893d83ab5e2eb549	80000
0xbaff7f9d784eff0578296ff317b2bef52355f55e	80000
0xbb4b31c9914951c233e5888feeac0bd681a929fe	80000
0xbbfe25c02f10766e34c95b555569fc05ce32dd6a	80000
0xbd23adf22b08e836e88d831097c1f826b9f8f300	80000
0xbf8d47868d1975159311c3de6fa9788c4e56b407	80000
0xbfde8ed68c64ba17053df46fe797b54564d08c46	80000
0xc002424f3eb52a43754bd4ca0a7cb43f58cd0b45	80000
0xc02eba1aefaf90c06cf3a4fbefe492c38a1694d6	80000
0xc0452507b41d2da08a1630394d064b45617017c6	80000
0xc05442b2bcc434f0949a1d80b9c7dcb35b2c7ee1	80000
0xc1dd7c1112964f9850c93d9d5aacb97980847a8c	80000
0xc29eba870f3824679db0b9e46d6fa7131b35faa3	80000
0xc41fdb6bc7a8caf3a4319fa7b06219a2daf3b5a5	80000
0xc4c00be4fadf2b09a02892ac6f63cc5a6ad7e0b6	80000
0xc4f5ac7fba165711409bd62640233d5019140e13	80000
0xc4fd2f3041317162453280507ca13d1c27c7ab9e	80000
0xc5eb78c3a07dfd4eb80099b706747f5d7833d82c	80000
0xc65b7df01b6ba229650d00e9b7d8d8a1e7828c6e	80000
0xc7db85187144d34347de776eb87e446e5b656769	80000
0xc7f88d63d11cd2045e3748aa86feeb4d7139a41e	80000
0xca3b131fa9fa12e4f75213152176fa23ff2aff5b	80000
0xcb159c432054e807c2a8204948807ee3bc8fcbd1	80000
0xcb3c320b6dcf9855461d3e1ba714f4e0c27978af	80000
0xcd5518a492f5a921406079a834d22d0b30409355	80000
0xce924e6441283ce86fefe0a851744767c7bdb363	80000
0xcfffd2ce4db1737ff0974159b6fa9e601685c857	80000
0xd2efca58a47513177c667c0e3399eb83edd7bd61	80000
0xd4b11a2fc7a183d8f65173a58c4f134154ec7c9a	80000
0xd52dfc3d81db533a7da8aede6e853d8a11948ff1	80000
0xd534ec049a632302a5b70c093b1033a555b17310	80000
0x2eda0f523ce3a4bc5e3eac70cb04b603eeb7a461	80000
0xd6306010d41c3f67decfa8bdbc3afb877f2e831f	80000
0xd82ede894ae6fa2b29fe95307be057d8c4d25346	80000
0xd8ff917d040b59e9a73ecda66d1b8fcc9ed00083	80000
0xd9db0d0d76df76a31d1e941a46e1830512de43e2	80000
0xdd1c8f7f18133997491a69b7b638193d579556f6	80000
0xde1442cc3d95cd3e83c08cf064a93938bc37f9ec	80000
0xde81b16f1a9f224db6ad9d22bb84ac017ac40e53	80000
0xdf0fb76f566274a97edc79686b677361e8288ffd	80000
0xe008ae09b68b43c1b1cf3634f08c7e527340becb	80000
0xe05ccac337e32ab8028903a320e911e34f12405d	80000
0xe098d73797ed71c6704b5f71cbbcf9b29b9a8b03	80000
0xe0c39c2d60332506403256a3539b5e673db737c2	80000
0xe353bcc0d705721b53032d7b1fabc28d04a9ba0e	80000
0xe4c270989dffdbfee0295be83d58c54204f27a1c	80000
0xe516e7879b078102db5a510d676416a0536ef568	80000
0xe6225aff19680a389c692c0effa1a3b27a298f46	80000
0xe6aa908232f936f5d519e5799b96e323364ca96e	80000
0xe759e8409b08b206adc9111f23788796ace1dadd	80000
0xe89c05895454a8ab199293c4775abb15c3360cf4	80000
0xe8ece6a4adcfbcb1024c642b6cd85ecbbf00aefe	80000
0xe9bc5f855682aca47def4a09fab4de5fa8b0fabe	80000
0xe9d3dc083e100b5911584274b9929fe7e1cb1bfc	80000
0xea0e8cd12ac18b306102905087a7150727dc11aa	80000
0xeaae90c38616f2f352bf741a85c13e479383257b	80000
0xeae99671b4cc220a15070401545292e619a88cf8	80000
0xeb017cf6c409c7bf35a5f7349e477e1c71cea43b	80000
0xeb94cd840b33741f3a9d0f450ad03c98d1ad997f	80000
0xebb02419e9e3688e4e3e42e9e0c4bceea1521766	80000
0xef08c61b37f8b8cec300c9974de63c0547905ba0	80000
0xf131f1ac6202c760dc7470d3a6c9ad79cc50e782	80000
0xf13ab183ef2c96b7e7ab8ffed64530706ff3dbfe	80000
0xf1c2bad212e8379f2486d38830b57d8b433ac409	80000
0xf301cc7b7bc7156ef2664755aa280c824e6ca664	80000
0xf32c81372050e48b0a8bfe349b64a623c2d7a5e5	80000
0xf3f392a1193c0e9efad44b7d0da91237efd2c095	80000
0xf434b9139bf4e62945e30d1e1ded7f49427714f1	80000
0xf46b9ce78894862e9bdad6e027bfcbf64864a782	80000
0xf4ab2d64be91e22075735ebb6fc7cd6363691cf5	80000
0xf52904d888bb95a9e49b3a767979975934a49839	80000
0xf55d9a6a3cd823be819f88b8b0401e32c44650c0	80000
0xf61e89b108e4ec3b6048091cf55b5289e4541c82	80000
0xf6e070f19f4835bf00a55fb98878f9e3fde46632	80000
0xf6f2cde301d7e567190ab3e694805f20fa0c1d4f	80000
0xf7a3445fb661175aeeb3344681306f23d0b08afa	80000
0xf8df284e6c37090dc81f01e261dc553c07b60520	80000
0xf971a164ee66258750bb2ba3713cea19ce834ec7	80000
0xfabcb82fea16382d26b7f7d9f3726fbcef0acf5d	80000
0xfb44e1900bc246494ebce97c8dc8ae769b4abcb5	80000
0xfdaec8d84e4161f88e1e3031ed997169e927f43b	80000
0xfebded7df0b739564dcb218b4e673f0918528b8d	80000
0x8eef8c0763add092ec31be195eff54215dd91d09	80000
0x086f40e7f586011356d92d04b0ea3f108da9dd3f	80000
0x87455e5661cf83e9e31d03ea0fd08092ac59917a	80000
0xf6dae0eb89ebed91970f569ee25232e49322cf8f	80000
0x31acbeb843ddf0e278680786fb519487fe211969	80000
0x1587b82cb431de6360155aebc0f712da481710c4	80000
0x5f25eb2a13da9b73a462a3115bd3bfaf17723dbd	80000
0x4fd7927d6cab9d5da0191303f585923ef00dfb98	80000
0x29aea7e74d02f5b6faece3ea97dc4bcae7ddcd11	80000
0x0c7c5b60736a8463fc37da077ea7b8def79d9caf	80000
0x5652de576c106bb939e9a5326b101d86ebf48c67	80000
0x83d4790b1955f2422ef0e879642efa46c8b0a23b	80000
0xd63dcd085a1ae842e7bbd9787cd2d91cc6a4faba	80000
0x47647e1f4f0744a3f3fc0fda9777948212a67287	80000
0xf13efbfbcc9a1d7af2f79c61a28f6e6dca60dc64	80000
0x2d721519bdfb4971e937447a6383712f5cf458eb	80000
0xdc637d4a7464eab3a7b502709c0a0de4c81b9185	80000
0xaf995f871e7c7572023a8a081cdcffdfa2a8b55f	80000
0xb968ccd7b723ca46b118947f5beb53dc3efad865	80000
0xd321cba1747ca4cb4472eddca0ce09bfbe269382	80000
0xbf758a52e3f9ba2b28eb6afbaf4b92be6261a7a8	80000
0xbbab61c12807bc89891a12ab4643b308c65c1f54	80000
0xbd10d4a6266dc453e892bddb5f899dbdb12dc3a6	80000
0xd57114a9af5ff720a8c9e33b1a5bbdeef3ff0186	80000
0x789a76303d2550ab81c68fd44c4d1d5e023b07b2	80000
0xe692b3567b5d6b63439d94e750dd1d190d8784d0	80000
0xfe02446cd107d3f487f57ddaa7da899e23ef8f58	80000
0x3c61706d03838fd0d3923eec4c6308008bc1fde2	80000
0x9d700d0e15b3e9e87173ff8faddac11aab05df40	80000
0x7d64a169c5f7dd3288c8ea4a18d5985970eb8f3f	80000
0xd4a99de8a212b58bf86973e14f5344a31b914731	80000
0xc884faf21ee962a44dbc8353103a1b2c00393bef	80000
0x4db7b33baf94b000562caa0e2b7b6090a57075e6	80000
0x0df53438c309ffcf1934e7e4f5ed4094a2b4a818	80000
0x190e122b1a18ba4f8f7e20c1355a97586e5e7153	80000
0xd89644f29dde300a8480cf44ee1108abf7bb986b	80000
0x3e0e259c747c40ac654493a0859d63b69cfd1f4c	80000
0xce6f610349c0dbd2037ba2e93a5b584dea2535b3	80000
0x21205e776d8d06d56cfeb3106f4104d5b7a67863	80000
0x21e7e572bca127d2ed09db1ee86811153491264c	80000
0xa7ece60f4e1598caf383a88f326c6b99b4337864	80000
0x768503b9b58c9bce9f31d813001b4701fb656d9c	80000
0xfce90ed47e7cad82b43facad1887f8ba193c6ae1	80000
0x94203c33de47054d7502c9609b5b64091c8b062b	80000
0x9b3650ae2def27fef5629304bb2375a5f056a414	80000
0xba53c1d72a4c61de3599b84e3168a301cff65b34	80000
0xc8182205948988f1846bcb8c92e00873ea924ba3	80000
0xeac83f37998a370c36a6eac2a18a040acc4fb600	80000
0xd28e164ae477d5e1f5d9f38b7e3fa9ece0547b4e	80000
0x05666b0697d3df87a753158650df164332a47a73	80000
0xc9330f65957f0b9cfbe8e6f3f94842f2b5161aaa	80000
0xc6525ec2d188961110cae210f674110f75b0251f	80000
0x3a9f0c5126d55a201b70a77d73782829423613b0	80000
0x817b3fdefb474170a85036ba81c5ce0f5da06609	80000
0xd6e3f65db541fc8e9ea6e8d8eac50ba97b0f0c7a	80000
0x873171e300689f3d4ff9eace000a343902148f81	80000
0x35e0d109cde14f8ca67354cccc04e7ed0824985c	80000
0x41d15cf102acb9efd522e08c3ee6a6e28221c5e1	80000
0x7065ee2ffe678acce493a37401e7299efb7778cc	80000
0xc313f039e03741bea81d3cb3c4b55cf02519277f	80000
0x85ff437106f5c4219c3589387908aa307c336da8	80000
0x6b106a3b9852cb88d5663b103ee5e2fcbc05d414	80000
0x6d38ed6b463893941e40cd072a3f4de58915d870	80000
0x9b58938b4743d3628b342d1272d21ae1ff11f495	80000
0xc0781c5fe578cebf070db6019076ec240ceb0f1f	80000
0x59492c90cb78a54eed112a050e9469feebc9b01a	80000
0xe497accf9fa2ea71dde2337a70f201ba18838f16	80000
0x4681b39145edc0395359b0e02bec5094e5072f7a	80000
0x2d45c236b6bcc5830a0254d4557efeff8f80c4d1	80000
0xfcac1dcf6d17042d56a36aadc23d4894b58b457c	80000
0x7e2a527a389d8017533f88c967194022d5016601	80000
0x6a607d29e528c26cfb02acec281a7df902707c71	80000
0xd0f8465503f76383a9bff80dc5df45e5abe6060b	80000
0xe7d40a29bf6784426be30fb92afeda55d24c62b0	80000
0xe4b9c9ced406baffe406e63f83d39daaef150596	80000
0x19eadfee2420601a990327c3f3bf0274b49577ac	80000
0xe143738ba5a1f5dbfb409020fe6d2c8bc5980c16	80000
0xa8d03c7184e27fc36c3039bbb95399f96f24699c	80000
0x6597c9206bdec796ec3dd215bcafc8e9b9e6e95c	80000
0xb6a314262c1640da3c4eef3c3e6d6e2ded323a80	80000
0x4de43057c6b3dd7cba53691d3e79ec8067f46e42	80000
0x8d621e14ad5f17859374e563a5a223f928687985	80000
0xedbb1527b7043c9d8ab4d2c6150d43f30990f71c	80000
0x000404c6e0016c190224fc94d41d288c372d7cae	80000
0xf05930bd5e14ee302d915e291d70827e7e01a475	80000
0x93243cd2d8db0abae1ce1096b2739712232df8f5	80000
0xf2e03a3c59801de64254da4eb2f983183f46b89f	80000
0x45d2cac791cf57f64107a0a78c7caf2217ed5487	80000
0x4ce6b81d4e7df2e99fceb66da59c13361a57b81b	80000
0xb625c3455624ad0d8084eba0f532e647afbdcadf	80000
0xbf563404e83d7c20808e31b98746c7858b295085	80000
0xfd0f04e28d52d5d8cc692483b8b0ed822a4be68c	80000
0x994f084710e347a746b0cd7e9966b45a729ad2fb	80000
0x80dec5e02d5fdafe35458da2bb21c502061d7aa9	80000
0x5068ec5cb700fb95b0388d1344d96cb4a36177d4	80000
0xfb422aa310a83783775bda6d82ead621e618a56f	80000
0x8ff5afd0baccad347fe314cf9b3ebe40c62a13ea	80000
0xc56ac3751f741ec25d7f9e27ebcee84f921cedd3	80000
0xcbac7d36e07c7205f186c219ce6f0bd3f1e8d40e	80000
0xe9d81a3187acb395c4483b8a31a05f81ab5a3c8f	80000
0x7e44dde046cff716ef7de74ac9fe6acdfd2dd82a	80000
0x96c59b87ca7d1c5ddd45bf1de03710572ca65425	80000
0x4469f00bfbd45c2fb1f8b8115b02995db1b7b562	80000
0xe7be771e00b4d1355ddf0f38c54b09ada4e9c155	80000
0xc786316372dc02eef10e778edccc213fe6e3bfa1	80000
0xaab75e4f44cb94daa9b405d2a04505943e501c8b	80000
0x754a64fec82a529202cfdea2398b332927de042b	80000
0xe2f5faf809509a5255707bb31832e334488743f5	80000
0x756b1fb5af67987cd956b773f7a161bc651bb7f5	80000
0xff5327d6cd67be10989531ce5223c1876142a38f	80000
0x048804bb8056beddc8c69bc0fb102d0778c744d8	80000
0x934013fe1eed48cbac65a88dd36dd4cf2d62b0d5	80000
0x789d514ea2717ada972c0f5de4ad759066b0023a	80000
0x141f1dba13cc479457a36b47ff60b5e6a541da7b	80000
0xdb02766e6cdd061973fb4771540d10352858e499	80000
0xa64f0d632c005c0e76276a4e4013b117f3934e61	80000
0xff43ed9d05f4adeecfdf64127ac4a668f00b1ee8	80000
0x774d45e290fc58cc508f8d1151bf55044302b529	80000
0xf20259612c2719a705b97ff98080059b3d54945d	80000
0x129b7db91e1941729b0d534a99db590b11e3f659	80000
0xac59ebf56198f888a62bf525f16b1037fdd010e7	80000
0x6a68c2b3052b7d169293e7eddc070abb5e72c595	80000
0x2348ac7df8c298be8478da3cef26cfc9a33c862a	80000
0x7be273bf5231946f65e1c8351cd0bbf5cb5f7613	80000
0xc3b03cb52fdab9d581f703f1c926821bfe17bbbb	80000
0x1df7327649c7ae8eb75957adfc445681690583a4	80000
0xab23cd92a341dee2fa6f1d67bf03d699c15195ad	80000
0x5103d9583258adae39fd9136ac615541e7d07db6	80000
0x36b19d615e5097264aff42d280c615785d1a50f4	80000
0xf7b6388be4a78f5be6d82a545484c1a66973cbe2	80000
0xa82789e4df7da695040006a494a9e8170f2b5992	80000
0xe6ca323ec1f8c98acc5b4ecf66cfa59dd564bd07	80000
0xbadc1123f9d295ce7f3e0083c06711f8bebaa309	80000
0xda0d4ad16e5cf4d3207ce15a99bec0de79485f7a	80000
0x447db74b9ccba80e4c89c37d911fb6d60c56df17	80000
0xe10772c3c2e8879b13d5d2886ef8e9f9b95b83aa	80000
0x8e6a87d00047cead3dd61b17741dccd0218fd058	80000
0x2985c857b061ea34a97b26371322b0416279fb7b	80000
0xfb39a984e506f9c29a01951df11a364d40b394e8	80000
0x5055c9ae81804b86f28df5b38fb20c7fba1f031a	80000
0x3485021cb2dc4af81574852eb5a8f19347e28665	80000
0xe9f7212039f82c65326dc5d56eaae260c97df7ce	80000
0x0c2a7033288bdb67eef0f90d62b1adf719fb6830	80000
0xc36d8d28b1fdf8909d5e092c2d7843e5c0142fdd	80000
0x8014349f4392a8764fd682ad5c7f5d17e585b60f	80000
0x6ee5d66aff32d39e882a6c850f3358ccf0e06a02	80000
0x8fa5d5f6e78f52c2253c9b256f61fdcbebae05dc	80000
0xccb43990ecc8828cdd8d5c9275c415b51b21d48d	80000
0x08d054d1f5f67684fa2d710bb89435990f411339	80000
0xeea403ff99a048b2d6f12ffde77133f4884c8b1f	80000
0xa83ff46ecb5f1d8f4b37476c54b31b8c588d7374	80000
0xa83e4df124cfd68243ca065384b9828da134bd7c	80000
0x8792eac07d36d4c4d787548cc5fb5dfc1965751b	80000
0xe9ecaf8ebf5f66b4939dda452a5e290172d4929e	80000
0x86f994cd4b4a3df13179887758b33e2d12819996	80000
0xa058e70a0018f5c57a9b526c85cf9f3b70491210	80000
0x4aaad94e3189a5c77d57cb77912e56cc2ac81242	80000
0xeedb2ca8a6cba0dcfd34a287a26402c03c32456a	80000
0x73165a7bf621f466c63f6a0c8f08e969772c2a6d	80000
0xff52e2bbd35f76ae0fe42802409a00d3314a51cd	80000
0x3a1711bce829e721c83a20dd05dee70b8a4bb644	80000
0x7aa4926d23ea20eed21fb9d1d04209bdd3646cee	80000
0x94f1225f4ece89483cd19beac56ac765a19dcd27	80000
0x2f595c056e785e13579128df27cad2968d034ba4	80000
0x8ac3dd047f535c454c759c3c3ebc6708263c52a8	80000
0xcb61d13bb1aaac30f7f5c5fdb1216f4fa5ee7a6d	80000
0xd23a4679f9f2a2b83ece896abb08534cc70748df	80000
0x647227020a0d78a5a80349452e5a538182039e70	80000
0xf96bf9cda1efc6c077407d1e6a2c488a6539d967	80000
0xca18d28387f2f7180b3dcf12b2e6c338c21299ba	80000
0x1053f4b74a78342ed5708dc96482f37bcab5a8b2	80000
0xa181a3c3460ad5a2650f380352e3e68111e3d60e	80000
0x6fbfd88eabdb05d1691af2fe58566678875dd3d5	80000
0x76ac3e68c7d1c95a90f134b5e1ad1e917b32af25	80000
0xa6cbe1ed400795c2046db43ecbf4ac64236d959e	80000
0x25518b275d13bf33c4f5fedae3ed8a7f3c5cb652	80000
0xed37659a70413b229a2f5e7bcf1b5cb68df2f88f	80000
0x0a732e607c923aa45175cb308e791ce77500a96d	80000
0xb611289791feb02cefe967590c55ced31b3d4105	80000
0xba09c0c2c6c7ce8e86fbfb44465be6d320a70e8f	80000
0xb812b8a47bcb3a19b487a6a523e17710eb7ae71c	80000
0x088e901c8c94111612ae7bdec41872ec328b77e0	80000
0xacb177236a334d05dc61933b483c23e20ceb6b9b	80000
0x7f7faa930a220f1ecef68d654ea677eedf4a02d0	80000
0xa5677386df1b397755fd0ab0a1f48c64d9fc986c	80000
0x79a40ec0ee78d15b5a6fc78a85bf2a0085ebef0f	80000
0x88b22d44961fef81f0cbd27937c865c778e4b5f8	80000
0xc0cb5bd720c0eea3ebef9327dcff3f26e5167886	80000
0xc00cd6eddc3493ae15f3e5ae18a71c854fe6c040	80000
0xe4f954d37ef97898722c6efcb801d1fb9a805344	80000
0xcdf33a991b66811cd25a42b7887fceac776cf0c8	80000
0x9f94ce152cdd0bb91b2ae8df3da0bbbd4f4c7259	80000
0xce812caeb7413f9eebe23012de1839849192d5d2	80000
0x04d7c6da0ae8b5bd138138d20693d892ce153d2b	80000
0xf86e275f94aed8e829004f97d269cbebf16b8aeb	80000
0x9af0380020cc1aedc565cf1207450c29978a6f80	80000
0x7182a94540050678a45252baabd11be0b0765ead	80000
0x8ffdafcd3a2124c313843bde352b69602535ea49	80000
0x6b9bb36519538e0c073894e964e90172e1c0b41f	80000
0x077796e0cdf11857e1d6b63ede46ee1736f1ef11	80000
0x1856ea8e734fb6cb6c85f0de4a9c99aabc89dd86	80000
0xfbf50522bb0ead8783709a6cca75c6805250be69	80000
0xb05e9176a524b684018a9eb2a00935ad29e66c3e	80000
0xa529ade4bc63c966f2b47c839ca05d3bf0a025af	80000
0x4818085aaeecd9dc763d2efa1116d5fc04822b9d	80000
0xdc10e1c8bb155ad9bb275151a4af65910541c244	80000
0xbab42fddab606b5197e638102d3e6c7d8f261998	80000
0x586e309dd9f6b3035272e06fdc73a30a5a41f16b	80000
0xf02f089b065a1297c1005ba0835af6233f538c43	80000
0x749cdab024c06b2e7ff09066710c2fda9fc130ee	80000
0x2cc9934a380d01cee8412419fa16974f9bee845c	80000
0x746b3461b40844f6e588cf9e443eedc08ea595f7	80000
0xa753d8e7c745545d95a6cc6dd64c52755220d029	80000
0x9c781e14ee06b1f42f56396cb8825d512c15f402	80000
0xf129f24b57538aa883a2ef0ba32e6e349c786423	80000
0xe683464ebd709b9c5ec7a630baae1045185ce97f	80000
0x1c46a5b6790f1433654ac99a457cf8e84bfd1769	80000
0xac02f5ffe68c0e4804edc2e0f57ea44f36510e23	80000
0x5c41ab4e4de3a3b9625178b43bbcf9aa96a824cf	80000
0x4f24563f591da04fbd4b1911605881b6c1403c5b	80000
0xc84096ee48090fef832d0a77082385ea0ea2993d	80000
0x76fe5042876a083f969fa2595634528e8e2aea0b	80000
0x130390dcdcd48692fef21d4aa68e3d97cdec3445	80000
0xe45c4b83bdfe762e5ea2f704083ea3afc1635655	80000
0xfcf3bf219d7ce210f2c6264e984233001f2653ba	80000
0xfb534b219a0036ab088a667e17026d66ae3f2dfe	80000
0x28c2d9f5cf9b55804575e556e6b50036c177400d	80000
0x175b72c2bdf8572d71676d7736f85606c45741c7	80000
0x15b5f119672d278a3b16d3e722045713a77b922e	80000
0x00d27adabda5ca0780b793eb58cb85a4e3e34bee	80000
0x4a3c7251d20f61680ad1e9078fc7b28ad2971f26	80000
0xf92c951f79202c505d6004f496e39baac635f53e	80000
0xc840548affa810851fd18b339d3b4c8d1391951f	80000
0x7c2b637bbde32b7700dd0844e4769a622aeb8ff1	80000
0xb7762ca4607df86cb2358e27fb3c6aaa2c4f1279	80000
0x3f53ead16a36b63b16bc277913f8e5e04c3eec58	80000
0xce8c1d5c8c293857b1f65cc2cba5bb6898456e48	80000
0x8421eaa30dd79b0e3f998a00f8bcaeaa400eac2e	80000
0x14104d1c07a70a585a7df81ebb261ad956126e1b	80000
0x63a6df798ef673a30cdb0c91e85f749c8adaf3ec	80000
0x0f5994afdf8c01351a37e501cd28a961d76da66e	80000
0x706d24ae6e1d5d940513baaed928847da82ad386	80000
0x2f1689161ed466ee3a4acbac68b278c295ead606	80000
0xbe39a0ae43e066e99496700e649c7137c23be296	80000
0x37f7b6df0e644394f94bb67fff091e29665bc5f8	80000
0x8fc624a45e97c0d66459388d6e8e3f75c13fa175	80000
0x579c1291f403938b4cccce58e9097617050fd2df	80000
0x6ad4f538bdc4861b20f328cee975ff84883a20de	80000
0xe52b1e8c0f5acb69bbd8e8f67c0f12518822d214	80000
0x70031a1afde331a41c83fc388081b0b9c60de151	80000
0xda18d5e756bce69e463e7e00b23a0a8313dab9b5	80000
0xb5042474136b44497f1d3deb087d31c3e8ac9362	80000
0xff5749749f9a954f3932c1200ac9d7c909c08d31	80000
0x5cf04ba6edd1adb20f926f3fa27ecd1e5e42ffe0	80000
0xe005826b976e2bce15b0cda705cfb54223b03630	80000
0x494f676b2ac1bff05a31035e3361dfabbe2ae264	80000
0x627be868e5f39d612a1cbf3c94037125ed503dca	80000
0x0e16502509e3a68facb92c0c28fba20bc3cec32e	80000
0xded25a1f265e1963f610edaeb7a89ced6d4767c6	80000
0x178991ebb349b72190ff95a639f1d0c24901275f	80000
0x4b21683e7764770cc8abe35d9e95f86187f4227a	80000
0x975043665a4e2117e489b89a0842ca373dfb741e	80000
0x615e5391f1398e64bdb0ce01320b014153f7096d	80000
0xb85e3dd26a3ead4688a046a6a3c2d440306be6bb	80000
0x8d28c35eb8b5b1e9610d208688c2b82ba688cd98	80000
0x1ea2246dc2266351a9e83a2cfa8c62068ea88f20	80000
0x0b1b36c29e7142f707b32d959d800f86c35bb4fa	80000
0xa4d692b9841d48b07f15615c82f7766655cc162a	80000
0x95d92c9f5a8f2b62175578a4b7f539efce5e9643	80000
0x2a5d69320d5169eeb1f9b5aa77f78c50d5ed96f7	80000
0x6fd8af4caf7e937af5e786fcbfc5bebb4ce585d7	80000
0xe2f82dd60765fe3d0722c0cc2056937fb15d7a9b	80000
0x717ff75c280110ca45ab3d5d44fc2a82cde70d48	80000
0x34d7ef94c9ceca0202dff63f09373bf6714ca305	80000
0x3e56e9f97d26f472f701f89410a0378c2f3a05e7	80000
0x1604cc2d094942d375d3dd99d314659e00cef0a5	80000
0x457568239d75d8178f9300a21893e80f6951b0a1	80000
0x9014a7edfab01736560211baa1ded7db8aa02f55	80000
0x45ae97b770bb338d8681cd2a3acaa87f220068cf	80000
0x27bf3ed39f58b8b1e81c277a7f00f93b59c83aef	80000
0x3c29bc2f8cfce0be3fcdd6e75d530a16c4794738	80000
0xfba2ac0835bac569fe57b6f66b69f956ccdde6b3	80000
0x4805b8e22f1edffff30a2e9f45f6becf9c63319f	80000
0xad89322b22981b31f081ac25bc28878b62883aa8	80000
0x14fe74e674d97d3f6628be8a12197a8b89fd2172	80000
0x3b0370164eddad0841b705beda2f1643f1b826fa	80000
0xb7841df29f4c5246fcf1943a33b71b87516ad745	80000
0xa16c8dc63d4a6f11d40204064227362f55e33a66	80000
0xd5851b37e81d9ac1c7632b886d617f047a10a537	80000
0xac35d74f53b7dc212ed9c2879e6598910bb7f712	80000
0x64fa2d7e8c7e41b3c3805cbb47bc9b909526f4e7	80000
0xf0c710e2a3ed2edcde4f9b1b4868ea140b5c30b9	80000
0xbab7fa2a67121232b1934a64fc7dd4426d3da007	80000
0x767fa3e98b6a01da8c8e70b3e29a470578804657	80000
0x5a778dcd2a40148acba45e2780d24612f1abbe6f	80000
0xe28dd744f84a7e0c64422d495c336ccc5c355c4a	80000
0xff9e7347b9866dba901d6ab934d333a1d4b4a4ca	80000
0x7d2018dd08f797762004efe366949b61dcb218a3	80000
0xf500777331fd53aa236cfbb789441bd61faeb70f	80000
0x0737807303e1baa89cf1f9c8fc1926ea58bb52f6	80000
0x917e7bda5cb793dd9570e4a97d6907c9253e7e6b	80000
0xd65507f127a8353dbffa174e39c3a01560b6144f	80000
0x3d9b2e588b54b8942067f4314f4af03394e16d53	80000
0x41dd70261f75c9dd5795966e9eb7fa6eb093b1e4	80000
0xf65613c442b9ed7115df2882fee87abdc4dbfeb5	80000
0x7265a9f68ae3694c3de98c33f7db3362c8e63f38	80000
0xac1186397eb46f99f695f2c29696a491b1572034	80000
0x59bb2e16c2ffb6aed2104e5e6a63ce7190c2082e	80000
0xe41cc43e90db62f1024f59f1861257ddaacc2a27	80000
0x1a62bf05796d0ae7ee0600a2f33cd2d2d2f826d1	80000
0x6a84420e1eda408ad5d15b1ef061d888a02e6bc0	80000
0xc94caf65e78886f81ecf1eef8fa4644ba10d1478	80000
0x861d74a8f4630d774d80190e96041ce8069ed356	80000
0x786cce49d8059e43da326d23247eb1b81a20067d	80000
0xe0ccc3837d1b21e1ecf22a5f57b4c22d06c60441	80000
0xcfebcdb274f3571ac7d211bccbcf822f97b4dc80	80000
0xe71999e04a53783bc27e8d77fbef32aa0274c687	80000
0xd6f839cbe4d134db0c18d64783ce0fdbc2c127f9	80000
0x664cfccb9def59afbc8b89fe4b4ac29c2eb54527	80000
0x677bda47ac1b72c1503bdcac19d8eb44065ea114	80000
0x56aefcf996d46c72e07e21523c367210da5b3014	80000
0x943ce4c45f65c26d3d765b8c90ca032c24ed6ab4	80000
0xfe0946f76282f534b2dfdf5132deed16cb9e0069	80000
0x9fc2d43913800c5049a7c21a629de12682408d3f	80000
0xea4c6c7ae0724cbd760d1cb472a4eea0b0703130	80000
0xb99fa319f8ecdba56a15ff3394f9750e25cfc366	80000
0x11059cc4d35ab892b98cc25ea5c68c5b02e6a8e7	80000
0xedf11c312a7f7b19d09de1a47d042b51732e5d69	80000
0x8ea1730690fef292ba37edfe994d4d99d3edcb94	80000
0x808752b7d2b858dcaae98549a966238c578741f8	80000
0x0eb726370ee967dde685af2dcc9f311a9d3553df	80000
0xf4d9ebc1e6eb1e1ccbff92eaeee1bc6d8339b48f	80000
0x63f0fc4678ff82ce015adcea50ae0735e1229780	80000
0x35587ad1245e9d203d657ceb5b4f44dcf15aebd3	80000
0x47cd4052090809fa0a66908628a727c6e40535ef	80000
0xf9de51f17d5ca7c488e490e4ac9f7d502688fea1	80000
0xf62cefc17065152323b61b996b6caf84ac9adc70	80000
0x336028969517c7bf5f6cf1412c5206e2818cedcc	80000
0xa4b0199a18dead8fbc70d9dd1ad4185f127f1e8b	80000
0x4dc98ffcfeea277e761933dfed5847b925d9e422	80000
0x0d26976ce537648c3280c8925867aa52ff58c782	80000
0x065d26ec3af2f0c2a72272331b89fd5ae708e1a6	80000
0x7e20fd1fd3e1aeda802aed137f9b791bc948e5aa	80000
0x69d9719af1a18449c80dbfc1ee4447dfdf4572b1	80000
0xd87f1cede78e89cfdfa086e3cd258d40542fe2dc	80000
0x6ae09a535255b80a6c92e0bc3ff7eba8c1394fca	80000
0x1ea953bd86b06b4048abdbcc16b8088519aba83c	80000
0x3564cf53874982c6c0861d44fa65e46c0aa31447	80000
0x54571634ba257691fb87af1db2096dcd11633350	80000
0x74a75123578d1df934699509bee118203a70987e	80000
0xa14c07bdc5ec1e968fcfa28af017dddc15236b17	80000
0x001e8fc887ef9b355487ea00c5380fde13186b19	80000
0x03914c5d56237794f799ab5083137c474a2e085f	80000
0xdd7124c7e467153cfb88f6e22f7d59af0be4242d	80000
0x5d25c5ff33e91aeda4f077e2c0dcb62127a29567	80000
0x813605694e923ec981777a7bf25bc0799bed3785	80000
0x4b51b87a8705b73b49724fc3740a9d3b7cc70ff5	80000
0x5071b2c7eedc9cc651d9701989497c82a32dc95d	80000
0xe2bb5b2e054986287242451ffc314d304a694034	80000
0x402fb091e1e15b2b83cb99716db0fce2b55dd2b5	80000
0x5ff3c0d379ac439ef9ff10de1ea00774adbe0090	80000
0xd7e99cbf67578f48b6f236988c0aa630905a4f2e	80000
0x69181273b1c646f15992d3ddcb7bc2e28d158d8b	80000
0x24e69d9e379bc82a15aa3975fd0d9cb1baac5a65	80000
0xa753b3fd803b969ac631dcbf38e54faa4e74d857	80000
0x9edf1f4f70dbf9682c6d3c5a0f3fd4a14203f12b	80000
0x779db05796323a18b17427da789ea748679e2439	80000
0x1d63755ab63f3576ba15dd1162ee1fd6a835e567	80000
0x59ed9f41ab74ad4a15278b27f06fce4c862f519b	80000
0x4eb00c8cc2dbac2e85fbee22eb177e0f8e9867c6	80000
0xF7f1f47eC265f64CC5f569Ff87dA572a5Ab51Fa6	80000
0x925dCA3aB73FC8dAADCBCD6BEA05Fdbf3dEd47DC	80000
0xcE1d89E1110711b347e4C3B982414c91ED5B1308	80000
0xF3C3bAAcDDa6B57f7e45cEF18886Db8a226E7837	80000
0xE0dE5c5f185De1B65d056C90369c26041029024f	80000
0x764eF5296440793865c2634BCE9fA7e835777777	80000
